,TestScore
6772,68.72
9561,72.59
559,57.2
2909,98.02
2781,17.76
8581,40.11
517,74.68
7414,69.73
3404,72.92
6326,70.61
9846,69.36
4448,41.05
6576,82.74
2918,50.21
4765,50.4
9377,75.47
7317,66.57
711,79.69
7417,42.87
8305,35.78
9137,57.37
8333,53.09
273,38.56
4627,64.81
7380,77.15
116,78.46
2361,76.41
3632,52.83
2083,34.4
1919,71.42
4521,33.68
5332,61.6
5930,76.29
4371,86.48
3854,62.78
2938,24.42
6646,86.2
7541,67.11
847,58.35
3473,57.78
6322,81.2
3989,80.34
7465,86.82
3028,69.5
3187,35.45
1635,88.54
7314,55.32
3375,35.41
6468,75.72
5329,56.34
411,64.31
9781,57.74
8397,77.51
4804,61.4
456,22.46
8745,75.64
6995,82.56
7304,74.85
4311,80.89
8978,86.35
7849,53.16
3485,67.43
6339,56.46
1413,72.26
2056,25.94
4036,46.79
8493,42.45
4177,63.88
2889,87.42
5705,65.55
5245,78.05
599,57.3
2223,16.84
1829,71.14
9600,52.47
7340,40.55
7602,50.87
5143,56.8
8029,60.39
7806,78.03
8112,74.13
9166,31.79
2520,44.44
3418,93.21
2419,83.09
2174,84.99
6530,65.75
3601,62.61
6260,78.32
9007,69.6
823,43.04
157,79.44
2729,70.6
3611,24.43
7963,50.0
7308,77.26
6569,44.92
5597,40.45
7536,68.11
6969,68.48
7879,95.43
5857,87.19
9747,84.87
9807,48.83
2529,64.49
3380,27.91
9568,86.36
2815,62.26
2505,21.09
9122,71.76
9087,71.3
1176,76.15
9613,10.2
2072,76.58
1066,96.48
326,69.22
8203,79.87
9645,87.78
2131,96.25
6246,67.42
8117,48.16
7320,51.68
9342,99.91
7948,88.02
9676,51.68
1830,62.99
6075,54.22
252,62.53
7471,45.1
6355,61.99
2698,61.88
3382,74.81
3671,61.25
755,85.24
3032,45.4
1550,64.19
2465,45.73
2079,56.73
101,83.0
1705,59.57
3126,68.66
3331,79.5
7266,82.53
9674,56.31
4732,71.75
3506,77.63
9456,89.73
8741,46.34
7437,77.06
8265,68.69
7756,78.99
3705,70.58
3840,58.69
1921,60.24
1077,43.44
2252,65.48
8261,48.46
6374,71.47
9406,39.57
6901,85.18
6259,47.35
8800,88.08
3188,44.47
9244,69.99
6255,74.18
8207,76.93
3727,63.96
5080,20.11
7056,85.45
1382,76.38
3407,62.53
8814,66.19
8070,55.14
2271,96.53
3023,60.93
6249,79.79
2195,28.53
7580,82.2
543,66.32
2704,67.77
1586,77.76
2961,67.45
2919,40.94
2136,54.69
9858,77.82
9701,32.92
7209,61.44
854,67.4
8416,58.44
7776,62.84
3903,63.63
4517,21.4
1809,49.1
1761,70.82
2836,49.75
8242,77.58
1736,42.78
842,39.41
2600,55.04
8299,77.33
4514,30.34
8951,36.38
4737,65.74
7477,71.46
3922,54.37
2198,63.42
2249,73.38
1789,37.3
6704,64.84
8883,93.66
850,55.7
6673,57.39
9596,60.41
7347,61.43
2871,95.78
8614,44.54
5966,68.72
4586,58.98
7170,75.78
724,75.68
366,70.07
8244,74.52
3847,71.98
4883,24.02
8894,63.87
6443,99.37
5290,49.72
7857,56.8
2341,42.89
5468,75.0
203,53.81
8749,71.52
7107,50.62
7224,48.88
5855,40.78
5669,77.2
5661,70.58
9623,16.3
8916,70.05
3027,90.84
7026,55.92
8050,55.95
5570,52.42
7582,66.87
5799,69.28
927,44.68
195,62.6
6406,58.52
1739,58.33
9246,71.93
9579,52.38
6077,18.3
1310,64.13
2726,68.99
5307,72.15
8921,52.1
3571,69.7
1751,43.61
5476,69.13
8915,52.58
3815,87.47
4793,60.52
1827,60.73
1654,81.12
8357,80.75
8863,67.59
6598,62.82
4995,62.28
3729,68.87
1420,83.02
1316,5.69
6287,67.58
4015,69.55
4437,29.21
3597,76.78
9082,70.19
5869,72.38
6218,46.77
6444,70.18
3167,95.19
7435,50.24
2645,78.27
791,75.02
2233,45.07
7655,64.76
4302,55.69
2316,57.0
3984,73.94
1381,54.42
8040,47.52
4200,83.35
8429,77.11
4146,64.14
6633,52.11
5722,82.86
1657,95.09
7782,70.33
6270,47.39
9366,41.51
9589,63.12
3304,63.22
4485,91.06
1701,83.17
6491,75.32
470,56.98
9415,65.02
2120,92.02
2379,86.94
1577,81.54
2827,91.46
1248,68.44
3290,40.31
1638,66.98
7941,70.22
250,66.27
8212,70.49
3368,50.9
8199,56.11
6116,51.62
7953,72.15
6435,24.31
5361,79.37
5388,63.11
9069,43.44
8845,52.2
1954,92.26
1394,75.4
1869,68.45
2164,74.03
9706,63.07
1477,75.23
727,75.35
2608,75.16
7652,80.97
376,48.05
4093,77.9
4591,83.86
2179,54.26
7345,61.04
4599,63.14
3271,63.28
3157,88.52
5437,79.91
5266,64.48
5873,56.22
8219,69.59
1793,30.65
5847,75.77
2089,54.12
4545,57.51
6830,55.26
134,83.11
6352,82.04
345,78.17
4117,61.55
9873,41.3
6783,88.43
7403,62.75
1111,58.93
5064,54.48
72,84.09
5766,47.34
1161,37.41
1692,91.69
4413,49.39
3342,43.16
2010,53.32
2589,82.61
6698,64.04
2434,51.46
3100,90.76
1421,65.52
8506,95.86
8640,60.79
8537,84.96
6021,77.29
3833,75.82
3812,51.59
5166,65.14
5326,68.96
6568,78.42
4072,59.23
3198,56.29
2695,46.7
9168,45.42
9547,52.68
438,93.99
2968,50.17
1932,60.98
5537,84.29
6217,84.97
7411,79.03
654,68.58
8181,53.22
5255,96.74
3975,53.14
6605,79.45
6185,57.81
7651,38.1
7587,42.84
7028,76.7
6847,80.36
2593,58.01
6214,24.19
6672,77.95
5600,85.99
5051,72.19
538,98.32
9571,89.01
5991,66.59
1604,81.54
8114,78.07
9301,64.11
6742,61.22
3285,81.04
3708,85.31
3295,52.75
8315,89.96
7513,72.62
6571,20.79
1566,77.51
9008,91.74
9277,92.42
9410,93.48
2916,75.24
8661,89.53
3498,86.88
987,70.05
9871,57.07
5397,68.1
8539,39.46
5518,89.72
4032,37.32
126,88.68
2256,44.6
3040,66.47
5623,51.31
9535,50.48
5260,87.65
9020,51.93
6984,32.09
5890,50.34
9525,86.26
4611,78.34
3225,26.67
8664,30.57
7191,50.72
1909,59.73
285,62.37
314,69.94
3327,70.1
1721,20.05
968,44.42
458,26.73
680,87.75
2479,55.03
977,70.18
1960,67.02
6992,48.61
3810,27.85
3798,57.66
1525,37.56
2723,53.44
7949,76.56
3612,47.39
6936,93.57
58,55.52
1681,57.74
5018,42.87
5369,7.65
3894,70.12
8092,50.65
862,80.52
9861,55.91
3831,78.96
779,73.8
3818,65.63
5386,59.68
7298,84.51
5219,69.35
8986,69.23
4116,97.18
2809,83.0
3836,55.11
1326,82.01
4719,34.09
3277,59.41
7357,20.71
6531,43.22
2634,87.04
4246,26.78
8398,47.9
9354,97.67
2478,71.92
6978,53.21
5712,73.19
8576,69.74
3577,63.92
3625,54.7
5898,63.21
1548,80.96
607,90.48
716,85.64
4405,71.08
364,60.75
8343,28.93
5733,83.19
2261,88.36
8654,87.21
1785,88.02
6087,77.04
6140,82.23
6737,67.27
2004,71.98
2067,65.42
3196,55.11
9345,63.32
5559,82.5
4140,56.01
870,68.05
419,32.61
3595,74.3
5977,67.55
6375,72.04
4076,60.98
1089,55.19
4445,69.37
7589,58.14
5189,84.94
1155,87.61
1794,67.09
7487,74.28
6434,87.26
2742,49.7
1828,79.61
5911,51.97
6891,24.48
6511,82.23
8695,73.56
2779,62.36
6416,68.96
4560,68.44
9780,90.66
6826,60.8
7529,67.42
7555,58.91
1503,48.18
5336,60.55
9544,55.12
1342,51.21
4783,58.29
6619,58.06
6033,58.3
2491,71.93
6327,78.1
8105,53.16
9496,43.49
8253,72.08
3354,59.91
8046,71.66
6442,71.21
9290,53.71
5002,37.25
3310,59.77
7894,76.55
1256,57.6
1554,74.9
8438,66.56
2735,70.81
4274,45.4
4207,43.14
5044,94.57
1232,59.89
7696,69.15
5544,69.87
6276,50.13
1784,39.37
6905,45.99
2192,46.05
5202,44.82
5218,67.3
8598,44.9
1570,66.61
6181,54.49
5376,77.51
1228,23.62
7962,83.69
6024,75.23
5715,68.16
5173,42.67
1009,75.57
1727,50.33
9176,78.57
3436,75.35
2847,58.77
730,64.6
3481,55.24
4554,64.89
6036,50.82
121,81.19
2887,71.63
7670,60.46
3813,22.84
4761,79.87
2068,67.86
6102,73.86
1305,53.82
1347,47.3
2393,77.44
1501,68.62
4544,55.88
4179,75.16
6265,69.94
1938,67.53
4009,69.85
717,34.3
9211,31.21
5125,92.49
3231,37.72
4648,52.27
8468,70.45
2423,83.15
9108,79.4
5170,59.79
7952,69.54
8666,69.78
7370,79.37
2721,77.27
962,82.89
306,87.85
3657,46.84
1418,86.29
8346,86.64
7394,47.49
3282,55.8
1295,87.06
6039,87.68
5065,60.32
2018,64.28
7854,55.64
5411,42.61
7173,47.03
5156,92.72
4330,95.0
3435,61.96
3201,53.5
2514,94.28
5932,39.14
5948,25.51
8900,95.43
4694,69.79
422,69.32
4703,61.64
3764,60.23
2309,79.26
8312,35.54
5946,62.9
251,27.51
1429,79.46
9808,77.12
1614,62.31
9017,73.89
1416,71.62
4053,66.68
5571,39.45
6477,62.27
8906,55.18
2643,68.51
3171,30.32
9213,92.88
3046,86.22
34,72.61
2976,32.4
5429,37.23
1251,50.38
8094,54.75
2043,77.41
5027,71.93
2828,33.11
5889,18.25
1457,63.02
6935,58.94
5221,73.66
1971,75.6
4351,65.12
2000,85.15
2334,45.29
6474,54.58
3301,63.55
9484,53.15
9792,45.04
9373,51.85
9404,86.7
5525,75.41
279,70.07
1211,53.38
4536,13.73
6925,86.74
9832,82.19
4426,67.1
1331,64.68
6892,72.0
5107,52.81
9237,35.69
1027,60.51
8584,67.66
7992,76.48
4462,76.95
8859,42.32
7362,48.94
5014,36.66
1533,46.79
3553,55.06
1330,59.73
4295,67.76
6228,58.29
3421,78.17
1113,59.63
4428,92.21
5246,91.34
9281,30.86
4490,65.57
2076,79.33
4881,94.33
8233,24.84
2956,30.48
7425,69.76
8660,72.32
7132,32.85
1745,64.02
8408,39.18
6749,51.7
237,70.44
7151,70.13
4806,47.11
3864,42.08
554,40.79
6806,84.8
6723,35.47
932,57.97
6707,47.97
6534,94.18
7420,57.6
1574,57.21
3928,46.41
2913,73.39
9570,53.51
201,51.35
5253,62.77
6331,77.75
9341,45.24
6636,80.08
4809,75.01
2349,63.29
3527,49.88
8122,73.71
7256,14.22
2057,66.7
6881,59.98
745,43.68
2965,23.53
5551,36.73
1356,61.13
3913,82.09
8834,56.69
8160,86.33
2796,34.53
9868,83.82
6802,71.6
5228,53.69
2338,52.81
3529,55.6
3458,72.22
141,60.39
3909,76.07
6020,61.79
4429,57.08
2590,78.42
6105,72.95
4109,55.82
9862,49.65
347,76.66
4339,73.82
8482,72.3
8802,75.26
8788,58.33
5905,47.72
7531,47.11
4451,32.87
4688,43.01
1711,82.41
6338,78.84
8550,74.57
8980,90.02
7618,31.57
2717,81.89
6106,30.56
7022,67.32
5292,49.53
2623,66.17
1095,75.74
3247,58.46
6764,71.02
1377,51.53
2127,64.47
2325,61.89
3399,72.28
2710,73.6
4905,78.03
3697,73.01
3669,72.31
8442,66.1
8861,65.67
6902,83.29
8275,37.22
3490,68.28
2037,67.39
7920,51.58
8362,63.63
6057,66.23
4956,62.65
9113,66.35
7537,90.73
3948,53.79
4967,75.06
3035,91.55
8232,36.51
5675,52.94
6778,51.31
9696,43.8
6479,62.77
4792,36.95
8454,53.58
7137,49.6
6811,79.29
3957,52.61
3623,59.41
3747,74.69
9541,39.34
3287,52.6
9315,68.73
3583,35.91
5699,79.88
4670,79.18
7760,64.24
6336,67.13
1913,62.44
1651,66.39
3963,88.37
2176,84.61
7220,61.23
94,60.66
551,95.26
1610,67.76
6462,78.18
7943,46.79
8686,66.62
8140,62.11
8286,81.38
8421,45.44
6463,68.45
5387,62.89
5696,67.55
2959,77.39
2537,82.38
166,49.71
5998,41.68
2897,77.23
7998,40.85
188,61.9
3608,87.7
9103,42.85
2339,38.64
9232,48.96
8386,87.67
8587,83.07
3821,19.8
704,70.33
33,99.65
8885,59.3
7786,29.96
2708,80.38
4137,80.86
8043,31.3
8177,31.16
5513,64.68
3076,80.83
2229,49.95
9006,67.85
2732,29.0
4171,70.75
666,79.04
2407,67.07
2756,67.47
1002,76.01
7692,92.04
2852,16.29
2363,38.82
4097,66.67
3860,66.15
4008,51.94
645,40.5
5029,66.2
4243,79.21
8288,50.21
11,95.51
2319,16.82
7301,96.75
7719,63.19
1682,85.88
8062,67.75
8623,50.43
7356,89.37
6354,72.41
5638,51.54
4258,76.85
5322,85.09
8560,86.09
9573,96.11
1235,70.7
5689,52.97
6309,23.67
7342,62.07
9193,64.89
4696,63.83
9801,79.66
5631,59.9
1835,46.79
3465,80.9
7726,83.72
1891,78.0
1703,56.68
4519,61.12
2921,77.58
3543,32.79
4412,56.46
899,80.7
3074,53.23
8696,68.81
3280,81.2
6127,39.97
8276,61.87
7093,75.57
5000,86.37
3357,69.28
6490,68.08
1459,70.27
1230,29.16
6592,62.61
382,85.4
6458,69.71
7271,52.52
7800,53.82
6808,78.87
4872,72.05
2867,54.28
674,94.2
7300,61.83
8970,61.13
255,75.76
4235,65.54
7682,68.6
4604,53.89
3868,69.13
6023,56.34
479,39.43
8015,80.81
1743,77.34
6424,78.12
2875,69.87
3508,73.28
4482,96.0
8852,31.34
1946,67.18
7815,70.64
7274,88.82
1502,59.11
7812,79.29
8606,76.05
9002,45.86
8679,42.21
9037,59.28
3039,53.08
7032,72.0
3447,63.95
1403,65.21
8240,58.23
5592,54.04
8753,96.86
1902,61.11
8985,73.47
9320,53.42
8344,69.87
9840,95.39
5119,79.9
9694,58.65
6988,72.25
2141,82.18
1875,25.41
9769,99.24
6974,33.18
8387,35.41
3756,56.84
2405,69.03
4209,59.12
5607,74.85
4953,96.31
8675,66.13
639,37.82
1135,58.77
6184,63.66
2914,59.35
125,55.71
5008,87.82
3066,63.69
2800,69.88
6349,77.71
8999,63.95
792,47.71
3442,76.43
7029,86.87
6008,57.11
7390,58.81
4354,65.22
9699,83.94
1802,81.75
2733,78.05
3153,74.27
8022,89.92
3127,63.18
4355,50.05
9318,35.44
8498,93.44
8250,62.86
3364,85.47
2017,67.33
6840,39.55
8350,63.13
2270,57.49
9056,50.9
2115,77.19
7596,46.89
7624,61.92
9474,61.89
836,88.81
3,69.97
6773,80.31
1953,53.66
3004,69.06
7115,67.47
8060,88.38
3875,76.55
7694,48.74
6037,74.36
2583,94.05
4,36.89
8157,55.1
8908,76.11
352,37.52
179,80.01
8533,64.98
7671,60.93
5001,68.46
9422,56.44
9812,67.89
8363,46.7
7072,59.67
2865,78.7
5124,81.74
7534,67.28
5836,62.92
443,67.04
7754,69.53
929,50.22
4820,57.41
7279,68.91
2497,60.73
1992,68.91
9467,84.6
1710,73.15
2421,64.05
8272,63.44
8732,91.59
4839,96.16
362,74.7
801,47.5
851,73.95
3987,91.41
2801,57.85
8102,59.14
7829,46.88
4546,88.56
3835,71.65
3248,57.0
8819,52.73
1723,86.59
3284,51.49
1675,81.02
637,74.75
137,50.26
6247,64.16
1247,66.21
1998,37.22
8218,27.96
5684,49.77
3522,67.63
1592,48.56
5803,32.91
5673,71.09
8205,32.22
8721,48.56
2069,74.16
4195,45.51
9428,65.83
8936,62.51
8077,85.66
4221,64.05
2689,40.54
7267,54.21
5114,77.39
5522,86.75
2272,55.27
913,66.72
9286,81.8
214,59.05
9364,66.34
4525,63.64
7169,66.77
4071,73.15
556,46.56
4897,60.82
5341,55.01
865,58.16
6920,53.48
9426,38.18
6824,36.59
3945,81.5
4272,45.29
3402,97.25
2340,56.61
821,70.28
3952,45.77
3514,59.66
8881,77.74
1179,73.76
8553,71.89
3746,71.15
1949,71.25
4640,80.1
824,58.43
1476,81.38
3789,73.49
9385,56.37
910,84.37
8202,67.72
9635,54.44
68,64.87
9270,47.06
3599,58.59
5334,62.41
7847,49.42
7565,33.06
799,75.76
1344,95.54
4237,30.41
1014,45.29
7005,47.34
3467,38.09
8946,74.05
492,61.2
6872,57.91
3656,66.71
3721,79.95
2097,63.83
9280,82.44
1134,55.85
3914,64.45
9324,50.54
4381,50.98
3104,69.24
6947,68.98
748,49.37
529,58.34
4277,84.85
9766,98.58
2993,64.19
989,83.54
4236,44.7
9146,71.17
8283,65.94
502,73.25
1603,58.52
3078,90.3
5506,66.77
1746,70.57
5762,73.97
3935,76.86
2034,86.54
1660,32.85
672,71.45
7910,85.09
1428,38.67
884,40.14
5273,54.41
4301,75.45
3230,69.96
8106,67.13
1045,55.54
9425,35.92
9219,11.59
5258,68.03
646,86.33
6122,45.48
8895,69.44
3091,66.83
9844,38.27
6763,71.45
1907,77.45
8540,50.33
1528,48.17
9101,77.51
8183,75.52
2532,54.85
7940,36.31
8510,52.03
3218,53.47
3024,86.63
4153,60.59
5527,53.19
6702,74.64
4961,71.44
6316,56.52
8892,74.38
3509,57.99
6990,84.18
6512,65.19
8148,63.65
667,66.52
5318,76.33
7110,40.35
8502,62.99
1899,71.08
9202,75.22
5248,83.63
1056,36.84
7967,68.62
4662,92.58
7239,66.23
9336,60.13
5289,66.46
7142,67.66
318,81.46
9430,74.57
2783,87.0
2677,36.89
5494,68.16
8260,89.13
3477,30.6
4267,69.72
3703,18.85
3766,56.97
1845,81.9
210,44.03
9788,83.17
4337,74.95
7014,49.61
2587,44.81
580,77.83
3603,82.03
936,69.44
4434,24.5
1671,70.19
4100,80.91
5985,54.37
7658,27.86
9691,20.39
3080,62.62
2544,76.15
268,73.3
6518,60.02
4222,71.81
3135,76.82
6103,86.94
8197,45.82
8392,74.13
3861,84.62
6426,44.61
5183,85.88
486,35.8
2842,73.9
506,67.94
7706,61.22
2755,55.29
5306,75.68
5874,79.65
794,67.09
9744,67.78
1738,50.65
8952,59.75
4083,55.64
5755,87.85
3470,83.79
9802,33.0
5364,64.87
7272,62.58
6011,94.01
9012,82.25
9750,99.13
2389,70.07
2736,39.51
9249,84.49
8593,59.07
8773,68.71
808,65.81
3411,71.19
1231,79.94
9276,84.09
2868,63.97
1991,70.97
5096,59.49
703,48.22
5508,14.6
3961,34.75
1246,83.17
2714,82.59
5844,66.32
8981,69.13
4082,58.54
233,81.35
4758,66.09
1277,80.53
9370,67.89
5213,66.22
9878,59.9
3293,86.48
8770,65.52
6608,42.23
7423,58.73
6487,71.69
4825,35.29
7401,64.87
7001,83.29
349,31.92
1666,49.02
403,33.27
8251,62.36
6209,62.59
4320,57.44
8672,32.44
5633,61.07
8394,75.65
1584,72.93
5157,60.32
2594,38.25
5650,87.67
1766,67.06
2886,57.34
3969,90.05
6242,58.58
6320,83.7
5663,60.47
1974,71.53
6313,61.41
2413,80.04
1355,63.36
1042,61.37
3189,26.5
9751,62.32
5636,42.54
7128,78.53
416,72.93
8653,68.11
8125,71.2
5,54.9
7008,84.31
1819,77.4
9850,74.48
7689,71.27
4465,53.71
8712,65.13
8220,78.98
2611,74.19
8756,73.71
8211,24.89
3581,89.33
297,90.41
4474,86.34
1497,57.84
8527,59.27
5482,69.17
1862,84.9
996,98.48
4964,78.32
6639,65.32
9710,47.15
6289,70.18
524,69.72
8620,66.68
5339,80.21
5450,82.98
8706,80.23
757,48.39
1412,82.53
5037,79.07
1665,43.59
5328,51.54
7579,41.61
9200,68.11
9700,79.81
9783,36.26
3741,37.04
5355,66.97
739,81.97
7617,71.92
8081,40.43
548,46.08
304,79.93
7441,34.65
4907,92.52
4669,44.36
9053,34.32
7638,81.29
611,59.1
9309,57.88
2967,40.57
9034,76.39
5344,91.0
1662,69.97
1072,55.12
1387,67.5
997,58.66
5901,43.54
8318,91.44
3803,60.4
985,66.76
410,75.25
3636,77.45
7096,52.54
3819,70.96
2753,83.75
4882,70.34
8505,62.92
6757,71.19
2637,19.29
5231,70.64
973,74.71
1374,59.6
5765,78.44
7780,75.39
5648,31.7
9274,74.11
1084,69.73
4048,84.17
5816,68.09
8458,77.75
8691,56.73
4684,56.55
8794,61.2
7154,67.82
1791,65.3
1558,50.68
2538,52.58
6537,63.18
2540,61.75
7584,9.82
2169,66.86
5882,55.38
636,44.57
2231,64.73
81,57.92
3147,34.7
4168,73.39
3630,56.01
9346,47.63
5420,50.34
9601,63.9
7313,65.66
9604,38.45
212,33.06
2194,78.89
5488,62.46
883,72.35
1384,18.02
1561,57.75
4238,57.49
756,48.94
9392,83.96
8574,60.89
4156,13.53
6555,79.79
6933,56.1
1023,39.69
2534,37.68
395,69.22
9628,94.47
8290,72.3
1345,55.81
8992,77.48
3665,50.83
1013,90.6
6895,49.17
8158,58.01
9649,73.19
2437,65.16
5130,49.61
6701,45.48
6731,73.82
5767,69.1
9189,89.99
3053,32.14
9164,81.66
6690,95.51
7454,88.52
8100,81.04
7094,83.18
8479,27.57
5179,76.56
5137,50.75
1889,78.23
7457,52.71
1626,48.95
8258,30.51
698,48.71
1881,51.63
1771,75.98
7150,91.92
7121,58.42
6551,73.76
9185,86.52
445,36.54
6823,73.17
1399,63.57
7793,69.31
2011,46.88
242,64.43
6222,83.54
7752,60.58
7064,51.3
9728,76.18
9282,77.55
7103,81.49
6873,78.08
6890,48.18
3607,69.67
4455,80.44
7908,39.82
8334,63.34
4278,28.66
7568,63.42
451,63.02
5928,79.13
1625,36.01
8932,79.36
4260,59.94
501,87.27
7828,46.85
1621,80.21
6545,53.97
5660,73.09
70,0.01
2130,85.6
3504,77.86
3663,59.88
7332,90.26
196,83.43
8323,69.23
5988,82.87
9070,86.05
7839,59.78
6993,68.76
8816,33.9
8273,94.46
6624,66.11
117,55.8
2990,72.64
8248,86.51
2483,92.43
4524,90.7
9220,77.26
2991,47.24
6200,85.31
6306,45.94
2415,85.19
4304,37.85
3788,81.97
632,68.0
8308,70.98
4317,52.68
2837,57.71
620,32.74
4034,63.29
4748,44.66
9368,70.47
5739,80.75
1298,35.01
8748,82.7
4425,91.82
8033,59.83
9004,78.81
7893,67.68
2667,72.67
6453,71.07
2840,54.16
5789,73.55
6527,12.33
4865,33.13
9135,76.32
6596,52.93
6911,74.66
367,9.21
6986,46.82
4206,64.16
453,61.66
3242,67.49
5126,77.91
5459,84.56
4649,40.2
6964,79.59
7180,29.53
3905,37.09
3676,76.38
9016,75.29
7482,76.43
2246,91.48
8847,95.02
3239,44.88
4380,61.82
3308,77.76
8171,81.28
8943,65.04
1918,62.81
1020,18.47
6740,74.15
5181,29.64
5194,59.77
6091,36.36
4673,48.72
7626,40.76
5131,89.94
795,66.93
6370,80.62
6126,53.23
6229,60.26
4078,64.65
7749,8.33
9860,98.95
4098,82.75
5625,67.17
1807,10.2
6909,69.47
4777,51.88
1017,43.75
1884,94.65
7415,62.54
6609,33.28
7126,65.65
3916,52.59
9358,83.84
5198,64.14
3712,54.62
7335,72.31
206,76.42
3900,41.16
8767,63.25
2803,68.4
1877,21.27
880,41.33
4198,59.31
9584,41.58
5512,77.73
1357,66.07
6748,67.75
2275,77.3
6253,88.95
6941,48.42
3385,91.62
7021,71.08
8966,64.06
682,52.76
9378,44.66
2890,76.58
86,80.3
6291,82.62
6956,66.72
9067,65.16
6095,59.27
750,76.37
4452,93.8
5729,72.3
3924,56.1
9446,49.68
1245,65.95
7984,58.51
8774,63.77
8536,60.96
6908,55.3
6819,67.41
1364,63.27
3944,64.14
3750,35.49
6938,53.67
7412,46.2
2075,34.79
3394,86.2
6235,8.9
7567,84.17
9154,67.88
1719,84.26
2861,89.26
238,81.42
2352,63.55
5649,54.33
8434,52.24
5637,71.42
322,89.12
6120,85.07
8005,44.38
6715,44.27
7198,89.67
1826,65.01
2375,77.42
9227,79.86
5299,86.56
4626,72.11
3915,52.78
534,72.92
7402,62.11
8456,56.62
2831,60.01
9292,69.94
392,38.64
4261,70.11
3593,87.34
5738,43.33
1999,70.44
4912,41.27
8714,57.34
4376,85.15
1026,79.51
4653,96.51
3511,49.93
8876,54.3
2156,70.57
3480,73.5
1800,71.16
1016,59.06
9856,43.35
6307,73.06
3538,21.05
8685,73.24
5892,70.17
3823,94.6
3816,57.68
3451,80.28
262,61.49
846,72.12
6137,35.14
4353,45.69
3590,30.08
7825,59.68
7350,77.28
4086,84.38
1238,68.79
2797,49.51
1146,75.49
1642,44.97
3343,67.73
5864,56.04
6960,66.73
5714,62.99
7135,72.6
5787,64.75
3667,95.83
8755,80.05
4389,50.56
5340,53.3
9560,41.86
5323,71.47
1453,90.02
1697,61.09
6999,42.2
7214,54.83
9208,73.44
8292,76.87
3662,61.35
2429,71.84
5360,43.75
7152,48.45
1905,62.79
4721,59.01
5345,73.49
6018,64.05
6257,44.65
8728,66.66
8370,77.79
4970,37.85
9042,63.06
2555,51.23
8499,42.51
3898,85.53
2146,37.92
9692,76.12
8006,86.62
3246,91.85
7353,57.48
4342,70.17
9789,65.4
1549,55.69
5515,90.72
4996,92.97
5533,63.87
7373,73.09
4556,83.43
8369,84.29
6189,86.5
8797,85.52
4963,65.65
8180,80.17
7524,66.76
6480,62.71
4652,36.17
8549,64.66
993,71.67
5736,84.22
1054,76.4
9444,63.24
8925,60.48
9618,68.23
2998,89.99
5265,71.67
790,44.46
9590,62.69
934,66.28
8517,71.12
6523,90.14
4002,85.1
1783,67.91
8423,74.07
1734,67.45
700,77.36
3872,59.52
7372,31.5
344,66.32
4797,69.95
5240,53.84
4852,60.02
1081,55.86
3644,66.92
6164,97.36
3037,42.51
7007,74.23
6107,80.79
7657,68.86
6084,67.74
323,90.9
9463,63.47
3896,78.73
2268,63.03
2220,72.28
6940,62.47
4044,88.56
3777,75.27
1878,59.65
6617,13.12
7092,49.54
719,45.25
1175,35.66
4712,55.21
3876,90.37
777,51.96
2427,84.83
9845,40.78
8909,49.24
1385,81.35
432,67.4
6097,39.42
2636,50.48
2473,40.73
450,77.82
4158,72.73
2893,68.77
3273,87.39
9192,36.35
6153,67.38
2565,54.76
4073,77.48
2696,76.92
3420,67.34
417,36.51
2746,88.7
8997,24.48
3234,70.59
4853,45.48
8971,63.63
9182,63.66
3377,46.77
1039,60.37
7296,59.98
2851,46.42
5795,82.12
5900,50.05
6303,74.01
4935,52.26
7446,73.75
9816,16.39
4444,57.22
3811,48.81
6399,57.18
2927,90.72
3974,77.61
1833,67.82
1942,82.0
6732,32.14
2241,74.81
3661,63.59
701,51.44
2426,55.46
133,49.86
3341,30.4
2470,66.07
270,57.78
7922,78.26
1398,74.48
9183,84.62
4739,64.52
4936,66.76
2866,46.14
1839,79.11
1019,78.58
2610,45.46
960,55.1
5863,37.99
3390,61.19
5899,57.42
7088,28.11
2142,60.23
1351,51.43
9839,86.26
8270,66.5
5031,70.51
7688,70.29
1579,38.78
4866,81.66
2292,63.27
1927,45.13
2193,55.41
3658,80.36
1215,70.61
2855,53.44
9507,66.69
2966,71.9
1456,78.88
4502,62.31
2945,32.33
5543,44.9
8631,62.85
9749,60.48
9369,81.03
9470,89.8
244,43.53
9611,80.47
1393,25.56
434,95.68
8768,63.96
9319,69.44
6759,67.09
6369,73.63
6192,68.99
657,59.43
477,10.14
2162,72.37
4807,74.86
6565,97.23
6174,54.77
2685,85.57
495,82.87
7143,55.15
6433,65.23
5549,63.17
8038,86.69
894,78.72
1272,68.87
8213,19.16
7616,25.76
6431,71.02
907,79.3
4846,73.38
563,53.53
8347,57.61
4382,62.32
2879,58.46
7440,67.69
6499,57.05
19,47.69
2060,27.85
1709,42.8
123,56.0
5043,81.8
9686,70.85
839,65.01
7138,68.64
2392,52.89
5058,67.59
6504,86.57
8418,46.72
4874,64.07
7556,46.41
2212,76.04
857,61.71
9204,79.41
4063,22.09
4202,78.2
1236,1.22
2699,84.54
9312,70.57
4822,54.31
3174,78.33
3488,49.55
4125,62.03
4934,85.78
5790,74.91
5500,18.94
5241,40.03
275,72.09
5546,61.63
2578,78.19
4193,87.76
4136,79.03
2632,80.45
8366,54.23
329,65.2
6821,45.73
3371,42.81
4205,36.33
3044,65.74
3643,89.07
3140,26.72
4892,28.12
3696,10.53
3904,35.89
9655,32.94
6683,86.93
8175,63.1
570,65.82
8104,83.23
1865,31.05
9400,98.61
5831,40.95
7709,61.13
6917,57.5
2190,35.64
6417,63.51
9687,82.12
3099,67.26
4169,59.23
2591,44.53
8339,72.92
6958,56.82
5923,84.16
3408,78.71
8780,73.66
610,63.19
9877,65.2
6860,62.77
560,83.04
435,56.1
1596,79.19
2765,69.82
9619,83.23
7069,61.48
7322,56.7
3792,55.16
8320,54.62
5818,78.82
6834,80.37
7608,32.66
8463,74.12
7037,73.45
9748,76.27
5471,61.95
661,71.59
8080,52.6
9506,51.25
100,77.59
7903,69.85
4986,25.57
9718,80.29
5485,57.13
9806,18.68
3210,62.71
2821,55.78
981,76.53
5763,65.97
7628,38.9
2343,72.98
9304,48.51
9091,29.91
4489,56.85
6661,53.48
5845,68.79
1240,48.18
5646,81.56
5830,48.03
9360,74.32
3849,84.34
788,30.01
5238,50.94
3026,49.01
7202,81.43
9704,24.74
2420,92.69
6720,91.3
4359,60.72
2531,39.03
5853,65.9
2882,38.87
980,39.29
5425,63.36
3988,91.57
6193,87.47
6391,48.07
3162,35.24
5089,57.99
6150,62.9
205,70.01
1375,59.62
1006,66.13
466,61.28
5749,35.79
7156,66.45
4159,88.24
2216,66.0
5834,87.29
9334,45.55
5229,53.25
6627,20.49
8635,34.71
6441,72.07
3334,74.26
2980,69.97
1630,40.26
3736,49.28
2105,76.71
1352,43.36
735,56.7
2498,59.29
776,75.33
8426,58.61
5106,58.9
5129,66.34
9339,56.4
9322,79.24
2186,83.99
2860,34.91
1866,77.67
9114,77.81
2902,45.39
9485,74.43
5139,91.86
4794,69.99
2289,47.56
2366,68.0
5283,69.52
1650,55.14
3109,81.93
7583,46.6
6056,42.43
772,43.46
7442,55.01
8162,78.37
518,64.25
6807,72.79
9831,89.66
3715,57.57
7060,38.31
6579,42.86
1448,97.19
8959,17.56
6583,34.84
3125,62.62
3052,78.78
2767,77.31
6256,85.76
1107,54.51
2948,45.36
1796,63.11
8841,57.21
6099,71.54
5191,64.26
9462,30.75
3405,82.58
5833,69.21
4112,32.38
4341,41.92
5665,72.24
1360,73.65
1061,82.15
5989,75.53
4241,22.27
5117,63.26
190,66.86
6032,54.75
4580,89.61
8453,25.6
8860,62.79
8813,65.15
1370,97.51
6789,72.3
9405,61.52
9576,31.26
5435,66.58
6390,32.41
110,33.01
5978,46.82
3738,82.29
1055,22.49
3502,61.76
789,67.68
6952,68.26
9323,48.96
12,48.25
4328,53.44
6432,45.71
5321,65.4
4786,71.9
6204,51.97
2928,40.15
1914,74.76
5701,74.95
8019,46.83
6803,82.71
4461,50.2
7768,74.11
6134,67.57
933,75.49
5141,76.19
5832,54.8
5281,70.46
9486,61.94
2501,54.16
37,59.76
1560,44.99
4108,94.78
7714,82.01
8110,60.69
7421,67.9
8141,64.39
5099,59.69
2457,64.43
1021,82.06
4932,29.25
5352,83.03
8231,71.29
2839,43.09
8225,82.75
7057,35.47
1284,59.29
3134,66.8
4058,93.23
5035,92.39
8297,58.74
3767,57.63
104,75.5
3392,31.56
7863,58.72
1268,60.42
4615,45.32
4612,46.0
4724,30.23
926,71.59
663,61.89
1541,88.09
8758,88.69
6130,34.35
4143,67.13
3359,71.25
8285,81.97
3317,79.22
3197,76.09
6117,55.57
2207,58.42
7216,35.92
9533,79.48
8433,64.12
7268,83.18
9554,29.67
3865,49.01
678,47.79
7432,71.97
8974,33.48
165,54.26
6630,64.75
8897,27.0
2442,42.91
2032,27.32
5302,69.53
8904,53.97
6799,23.44
1606,53.74
4913,83.19
230,54.63
9643,71.29
6554,43.47
8828,93.83
9583,55.47
1557,78.47
6663,29.34
7520,63.7
3483,61.06
6002,86.77
5041,86.66
1648,30.31
7742,86.1
1926,39.95
5442,71.87
5478,43.16
9811,61.35
1850,54.66
3762,79.0
885,19.6
8011,67.95
8464,34.99
5647,73.58
2308,85.44
7312,62.02
7763,55.21
4999,61.64
3233,56.2
6558,46.14
9150,55.16
4107,71.77
4026,68.59
4113,65.45
5756,63.5
6896,29.68
2155,66.64
3985,96.05
9416,20.42
966,90.3
3276,42.75
579,90.63
4115,69.31
8174,56.18
6817,17.07
4617,38.33
770,51.27
974,35.66
1765,81.22
4949,42.65
63,78.95
3414,34.42
6943,62.7
3152,81.09
494,71.54
7917,91.1
5758,57.67
2548,77.44
4040,28.8
3292,49.31
3486,53.56
5190,10.69
5593,73.3
8743,85.16
8239,40.15
1324,66.84
4697,53.18
5680,76.07
9398,80.12
2318,54.42
4182,59.43
6877,48.64
8382,57.37
1724,66.88
2138,69.84
2264,66.83
7803,37.06
480,83.67
4705,40.32
8360,58.45
2204,67.8
7840,82.61
8474,63.4
3194,74.71
2139,78.98
1044,88.08
5502,60.05
4144,49.3
5783,66.18
7666,53.01
769,85.85
4099,51.81
1419,57.08
9683,72.23
9491,84.73
9707,70.15
5100,61.87
8567,57.43
5061,61.29
5209,67.17
626,38.87
5481,81.59
8067,41.88
4249,91.87
8969,65.26
638,73.23
5017,53.66
1552,43.36
26,57.78
7557,92.42
8669,75.88
9503,60.98
8443,60.71
4983,60.75
5674,58.28
3954,53.21
8472,55.39
6741,63.23
8713,62.58
393,44.43
1634,55.63
7699,54.59
3587,59.73
4647,85.61
2554,46.96
1563,79.48
4305,56.13
3771,58.43
9634,77.36
7252,10.29
5814,73.41
6880,87.01
9291,80.93
8782,73.46
4799,88.44
6089,50.64
3143,75.08
8595,43.88
7492,71.03
3422,76.63
2166,60.25
1269,20.76
2949,92.53
1335,41.28
3880,83.7
6098,55.38
2738,53.54
7101,10.49
194,40.93
6985,75.24
7488,57.01
1788,74.55
4755,75.17
7882,59.32
593,46.09
361,39.24
5316,50.03
6640,36.59
5609,72.37
5222,72.0
2274,58.23
5116,25.74
2266,54.48
2513,80.08
5070,68.55
771,92.39
3677,84.25
13,55.06
5176,68.67
8665,49.5
3208,95.73
4714,48.04
120,68.78
4157,87.62
4229,43.62
2084,74.4
827,48.65
3168,46.81
2382,48.19
9044,56.35
6965,57.82
7369,57.19
4757,68.36
7892,79.1
6584,90.98
4587,57.54
7147,44.2
3142,59.23
9609,48.74
622,83.0
8282,44.88
1680,68.45
2654,52.45
7265,45.93
1030,66.52
3828,81.74
2635,60.2
3172,22.86
9502,70.71
6599,74.83
7051,44.82
3438,88.76
4689,67.74
898,41.93
7540,70.26
6597,72.81
2804,77.24
1922,55.24
4051,41.83
2924,23.48
3834,96.27
7521,98.18
4539,42.7
358,81.96
5436,51.96
7933,64.36
3723,73.43
998,44.4
9869,78.55
2332,26.79
7210,74.88
5980,49.29
8326,70.81
7767,61.14
6022,64.8
3955,94.4
3730,43.27
8551,40.48
9778,58.41
2006,49.64
7159,51.04
191,37.48
893,65.74
7044,48.02
2132,49.04
2451,58.65
2763,80.33
9147,75.02
8201,77.58
2277,33.29
3137,56.77
8376,68.27
256,63.08
4646,41.27
6800,72.82
1062,61.0
6207,75.86
7408,42.48
1832,83.34
7020,65.01
5133,65.98
471,56.28
4998,60.72
9186,71.69
759,71.71
3090,59.3
9776,74.89
6503,56.83
4947,80.76
3769,45.02
6456,76.77
8984,47.87
4486,63.21
5460,51.11
5335,45.74
4987,63.24
8855,87.92
7707,58.84
652,87.15
2147,83.9
6761,59.16
8314,41.77
4431,38.37
9047,49.45
8065,55.33
2088,68.72
7102,36.95
2313,83.76
3808,92.65
8477,83.51
4924,79.8
919,17.35
2579,33.33
3619,65.87
5880,55.15
7095,48.94
6916,56.04
4402,94.38
9256,75.13
3784,83.42
1249,58.54
7451,37.42
2850,78.07
2660,64.06
6637,80.29
7270,17.02
6485,56.99
5576,45.19
3794,56.32
7844,61.18
3022,71.91
6866,34.14
3745,89.31
8901,44.09
2236,78.43
710,46.11
3999,78.11
9310,50.7
6000,76.28
1129,80.05
5433,57.92
3566,56.59
5823,58.54
6559,77.34
8808,56.68
8958,53.19
2950,89.36
1012,59.49
841,56.51
9314,87.97
2112,55.87
5743,64.86
6473,55.07
4513,65.44
8009,71.97
3163,62.83
1441,77.67
1613,76.07
9865,35.78
4870,51.39
6224,44.25
3866,70.16
3450,95.69
316,88.61
7773,94.01
2997,79.22
3145,83.82
879,61.21
3678,36.96
8541,86.64
330,49.25
4893,74.26
1673,76.48
9283,78.45
3578,76.66
1498,52.05
4128,37.46
7379,69.41
5910,48.58
6691,66.71
7832,91.9
6169,39.82
7469,60.56
1438,43.09
1981,69.42
1407,88.09
8975,25.32
8137,51.3
1010,61.16
1333,54.11
5237,79.97
8561,52.49
3336,35.4
2049,92.71
1848,22.78
5708,17.0
9821,53.31
9169,72.27
3768,59.86
2925,33.53
5028,73.71
3128,89.87
7161,82.3
9014,40.39
5707,54.78
2788,62.47
9059,59.75
3683,53.96
5236,63.14
6275,75.0
9469,79.1
7091,39.79
8164,81.03
2107,68.34
8047,76.82
9539,40.94
4868,99.93
9025,79.21
7575,45.89
5629,64.04
1427,49.84
6167,63.94
8074,49.0
4527,45.54
6284,67.44
2922,72.96
9678,32.08
5761,75.02
8846,23.41
749,56.18
6753,56.76
83,54.79
9553,53.15
5622,61.67
4224,54.84
2523,64.31
7281,84.76
1431,71.26
1852,67.04
9357,59.03
5903,65.15
4307,50.57
4500,65.71
522,55.81
5641,60.99
8545,84.49
2295,57.18
6782,50.08
1301,50.85
111,70.32
8193,44.13
1371,29.98
7485,55.97
8059,70.2
9520,32.43
6610,66.05
4726,70.37
3012,88.63
9848,69.89
856,79.55
3321,45.4
5891,27.61
2183,47.07
469,73.54
3146,62.66
8973,28.75
6681,76.28
8542,86.24
9847,46.33
5528,79.42
4844,53.54
2030,73.44
4767,63.07
6332,41.81
8720,85.05
9499,73.22
3401,62.57
6816,55.89
8947,45.57
4708,43.67
9671,71.91
353,45.1
7663,72.96
107,35.27
9035,55.24
3551,75.2
5894,48.01
4216,15.09
3469,43.21
8301,60.89
4460,73.56
3533,75.14
8,66.15
1644,87.33
7489,57.76
872,53.83
4994,72.66
3073,71.15
2673,91.54
4119,55.63
7664,76.37
2752,60.56
7970,75.98
8325,43.17
7059,39.99
8559,75.24
7547,81.77
4045,61.3
7185,20.81
628,79.81
7384,84.15
6508,51.33
8291,64.71
3642,95.6
5421,51.32
2748,39.03
9260,67.92
5955,37.04
9721,64.06
1524,60.15
9411,72.04
8296,39.56
9133,38.84
5097,70.83
8480,73.11
5824,42.07
5919,65.53
4332,47.02
7003,76.38
8644,87.3
9367,61.34
2235,85.44
55,81.35
1261,38.47
2327,72.32
340,75.38
5226,61.11
6381,57.97
3826,57.57
9638,75.45
9388,53.02
3534,51.53
1325,61.48
8224,91.33
7278,87.08
482,43.61
1279,64.19
6405,74.64
475,7.3
9853,53.75
1810,73.2
3650,41.57
7572,31.37
2969,80.18
671,95.75
6238,63.53
9088,28.3
7853,61.88
187,57.66
5944,31.85
8063,65.55
5573,63.59
6083,67.09
1128,65.73
2471,32.02
7176,82.23
6912,85.14
5608,92.78
4691,86.8
9032,51.77
1204,50.21
6798,84.2
236,87.84
9711,47.36
9513,41.79
3520,69.53
9412,73.35
3523,39.25
6603,44.37
8698,98.19
122,84.37
9522,58.9
1444,34.38
1928,48.3
8295,30.85
3238,94.3
468,51.87
4390,48.99
7129,34.5
6613,59.06
3780,83.0
418,89.44
3257,68.1
1702,80.96
4914,84.66
6296,82.78
950,82.35
7856,71.4
9199,53.14
909,68.4
9084,39.37
9550,52.77
2265,54.42
9702,74.2
3041,84.84
9599,78.04
6237,85.86
5532,93.52
9870,64.53
6634,69.52
9215,44.14
1137,74.53
2823,86.57
4088,63.28
9297,57.87
7153,52.78
6712,75.98
4630,62.89
4917,59.94
5667,43.6
9064,75.02
7576,59.61
3525,64.26
2374,59.27
1417,69.33
5659,60.37
4271,68.95
1065,52.59
7219,35.22
9051,81.44
9521,59.34
7116,60.59
7622,41.55
9612,83.98
8267,57.97
8890,57.11
4367,50.62
1542,84.42
216,37.72
5529,30.79
7012,58.35
8395,72.2
7641,60.97
8529,41.23
3443,73.94
4065,34.22
630,55.2
3003,72.94
3622,61.41
5005,44.33
9009,76.3
903,77.57
4749,93.97
3693,51.53
9173,26.69
1842,54.73
6562,69.16
4309,67.27
8935,84.63
64,46.29
2066,75.52
6968,42.53
9190,67.69
1505,66.9
9413,69.32
4312,51.98
6096,51.65
4926,73.5
9325,83.16
5288,49.28
8858,68.64
9172,81.78
97,81.64
1894,19.65
5415,74.52
3464,58.42
8431,38.0
3772,43.66
460,40.35
2007,49.76
7527,50.69
3183,75.59
267,50.99
5408,70.18
2873,63.96
2971,40.07
1521,66.41
679,55.98
817,86.86
4838,66.94
7975,70.75
7942,70.06
5178,74.87
35,44.15
5399,58.51
8618,85.65
1291,41.91
1,35.11
2399,65.97
4584,52.52
1752,90.86
7659,84.77
2761,54.59
7452,66.95
2719,94.0
7533,87.62
8039,59.14
8457,77.92
9867,49.65
5199,65.26
4657,52.9
140,77.31
2014,59.24
3263,60.19
4976,34.92
6587,52.23
1787,72.38
1008,73.19
9372,62.01
7114,42.42
9625,48.78
9532,35.87
1426,93.69
1120,87.65
2369,75.12
6556,62.58
1195,88.16
8000,81.33
5487,69.63
3349,64.71
8516,64.94
5426,61.4
7546,73.91
5026,69.54
4027,65.7
3274,40.53
5618,48.22
2659,52.43
9431,36.24
6457,72.33
6855,49.11
2218,91.4
9127,70.61
5817,45.65
2541,92.88
5327,70.31
3267,56.18
4492,65.49
9879,50.25
6365,68.27
9313,52.49
3594,80.32
7359,82.85
1535,77.08
8628,79.4
6061,65.34
4022,64.45
1959,0.9
4709,47.16
290,75.94
4629,65.2
990,64.1
5474,16.92
2360,73.61
7499,81.23
2724,46.13
5634,76.07
6080,69.36
5149,81.98
3507,36.74
2665,69.4
2287,76.92
3400,27.17
4746,68.65
6875,68.04
1559,37.17
3379,51.9
2970,68.32
4583,45.09
7736,87.24
5583,55.11
1772,49.36
7011,63.3
2290,64.46
1678,67.58
3398,30.77
4441,24.66
1313,74.85
4495,57.41
7765,54.65
852,52.39
8432,91.29
92,44.52
3381,46.06
6955,62.17
9762,62.88
8061,66.14
8001,52.89
9559,80.73
7244,53.41
2440,54.06
5296,86.85
1490,66.61
2390,37.12
6347,87.47
378,85.68
4677,64.34
4798,54.33
1774,70.96
2469,48.66
7328,53.16
8972,52.45
2743,64.18
4469,84.72
8351,39.94
7289,63.16
7886,81.29
8430,84.38
7972,50.15
5621,76.89
3698,84.22
6133,41.8
1036,72.25
7593,12.46
5377,75.05
5455,82.8
3055,69.65
3513,77.55
4974,61.3
430,74.07
9653,98.22
3243,73.05
2543,60.72
5298,51.57
7178,31.34
6567,44.54
3996,54.09
5457,66.52
1015,51.47
3939,63.52
8057,40.56
3316,84.8
8836,47.56
4933,64.92
5835,40.69
5224,37.29
2102,70.17
6863,56.24
320,71.32
8543,42.28
2117,38.13
3765,73.75
7835,45.37
2342,77.64
4637,82.73
4728,81.67
577,77.9
4769,82.08
3318,73.58
1080,84.07
8056,82.77
8733,37.39
8393,69.74
6445,92.45
1401,45.14
8670,69.41
6013,76.04
4965,74.4
9129,74.68
983,60.59
6244,62.93
5771,76.27
785,65.63
8738,82.92
7979,65.44
1973,65.05
3181,46.84
9629,56.2
7182,64.81
500,36.21
3652,30.16
7969,77.74
363,99.01
2905,69.28
1361,70.74
292,76.39
6201,74.19
7770,54.66
4391,75.65
8826,68.59
93,70.51
8278,27.62
3456,89.32
4147,67.52
8799,84.25
1712,53.26
8257,34.73
5904,80.24
4375,49.98
567,62.15
7648,40.16
7232,73.78
2705,30.85
3351,14.95
9685,45.14
8448,60.74
4733,58.64
3934,84.95
6052,41.1
3202,71.04
861,68.56
3499,85.28
3372,42.0
8508,66.24
938,72.18
2135,75.26
7374,81.1
4102,28.04
9435,77.33
8837,16.72
9575,40.24
2530,81.03
5759,79.32
224,78.42
1523,85.01
2388,38.97
3275,73.1
436,31.35
8690,33.74
9191,46.96
3309,30.96
1043,80.81
8718,61.73
3609,57.84
7899,51.97
3105,75.93
7164,83.86
4698,25.82
5557,74.31
3749,58.98
6970,63.8
9566,63.9
5434,48.48
5954,94.31
5949,75.07
6926,82.36
768,84.57
8274,95.2
6175,85.09
2596,83.42
5319,87.02
844,81.95
1336,66.47
9530,71.3
2104,75.7
3043,71.95
6913,57.61
1931,88.7
8514,71.66
9555,79.19
6131,10.59
464,63.37
568,36.14
4821,63.11
7637,75.7
1818,53.46
1526,90.04
2988,77.32
1964,51.09
8979,41.21
2279,57.86
8099,77.09
4909,77.82
2101,51.17
1143,77.51
1035,82.04
9408,67.15
4121,61.27
1823,39.88
302,68.98
1303,72.96
9361,83.76
9593,42.7
1815,87.31
7554,58.78
2447,64.0
1962,71.17
6910,41.65
773,59.42
7462,37.05
6815,61.64
5639,88.65
9763,63.65
5153,93.56
8095,68.77
4297,68.02
5250,51.09
6166,51.32
6082,64.04
5462,57.83
4727,40.8
1466,70.39
8512,78.83
5916,79.54
9327,84.32
8645,69.32
4886,74.19
2346,36.33
139,86.45
1886,68.14
338,72.85
4356,21.2
8303,65.72
4815,60.46
2616,72.29
253,74.16
7327,50.62
9092,77.98
9636,61.76
2525,28.07
7040,47.03
6894,49.44
7134,74.32
7549,69.37
4007,62.05
4398,62.63
9657,68.02
4817,82.45
5801,84.86
3158,35.56
709,50.61
4458,59.54
6239,26.54
1565,63.41
8548,80.1
7010,24.88
3589,59.58
733,82.87
953,47.46
4577,63.69
2474,48.09
272,71.84
2758,83.05
9800,71.61
3512,85.79
2881,60.22
5796,85.1
586,48.52
7157,52.86
5464,64.59
4805,89.72
1985,46.3
8558,63.72
1283,75.98
2849,59.08
7494,78.65
3853,61.48
4226,51.92
9664,88.59
2208,42.98
6090,73.72
1365,88.47
490,81.24
4185,62.43
3574,52.11
9705,46.73
6088,82.97
9268,68.58
4447,70.29
2234,76.39
3075,92.42
1218,16.33
6625,43.66
1700,69.46
6744,44.95
9551,53.29
399,57.01
875,4.52
1189,70.72
5206,29.48
9743,27.35
5556,73.25
9118,77.58
1100,53.25
7366,72.72
7388,65.54
2024,49.68
3060,69.37
3805,72.5
9316,75.03
6937,81.06
3113,81.84
421,77.56
2546,42.63
5497,65.57
6711,74.73
8967,82.84
9455,55.42
1101,88.03
4361,85.11
5653,62.25
2515,76.32
1904,61.29
2535,42.67
4531,52.33
2303,79.77
9466,58.09
829,62.93
4884,72.91
3973,59.11
8042,71.13
4768,37.29
6846,72.49
3754,35.22
4552,55.54
1130,39.57
2073,52.69
3646,65.95
7851,84.63
1451,55.98
2863,57.18
1105,44.25
5068,82.42
9759,60.4
1770,59.14
398,63.96
838,80.21
797,74.4
6514,75.09
2063,88.47
2230,80.81
3220,56.64
5062,78.17
4172,27.49
3409,79.24
5554,92.52
5760,79.35
1334,99.38
4851,63.47
65,51.56
4273,70.06
1747,68.06
4214,66.13
6982,64.91
1158,63.14
4122,59.2
3051,39.5
525,90.25
4628,76.3
7900,56.38
9468,66.72
1109,71.43
1674,62.89
4760,95.94
6756,89.82
3229,31.85
9864,66.18
5317,54.19
1742,82.15
6053,41.13
332,38.99
7552,63.99
3101,73.96
598,52.54
1641,62.31
3579,56.94
4014,48.76
3154,84.46
7817,42.82
5555,41.66
7305,28.94
1415,51.34
4835,84.14
4572,37.41
228,43.2
4722,69.33
498,75.99
4103,83.83
6073,71.35
902,64.62
6109,96.38
2749,46.33
7515,37.3
6384,28.38
2365,32.6
5020,64.67
1237,87.54
892,84.78
3286,83.28
8771,79.51
1219,80.26
949,50.43
9756,59.5
6279,63.09
78,56.34
2576,93.25
8469,67.88
2682,54.37
5244,69.62
4234,70.01
8823,61.57
6113,64.71
4347,71.44
7864,59.64
4217,41.64
6671,53.79
9356,34.74
2016,68.56
8209,54.54
7245,75.39
8676,52.54
9000,40.79
912,62.92
7532,51.44
1281,69.59
3626,89.63
4911,75.63
2307,56.53
2118,59.33
5007,67.23
4931,78.47
6254,77.56
3584,66.02
3641,60.08
1241,14.74
5185,26.25
2977,47.43
158,65.42
1708,83.23
2425,63.94
5032,73.6
5208,88.37
8178,44.33
2862,79.28
1250,87.1
5643,13.83
1108,80.85
9617,64.71
8088,79.29
9174,16.64
3155,57.33
7615,78.69
283,60.05
8388,53.67
3245,81.89
7781,64.92
1978,27.77
7262,41.67
1792,84.59
2482,72.89
754,58.49
2094,52.79
3779,81.82
6520,71.95
9289,84.74
2005,50.95
9419,61.76
6315,62.97
2475,10.82
9558,46.04
7885,59.47
3982,69.94
7491,62.53
9075,62.03
8612,50.16
3888,53.8
2644,52.95
5668,18.59
904,91.07
7715,72.43
9633,75.06
1725,76.19
8435,76.95
6147,86.37
7324,84.7
3713,71.28
967,64.7
9382,31.91
8842,79.17
6766,75.76
2046,91.74
7561,45.58
4499,80.82
333,53.26
50,64.38
6944,99.91
9572,80.06
7814,71.55
2552,70.86
4654,72.64
8079,45.84
1208,29.92
5359,71.43
1151,61.61
9,73.38
2814,73.73
1707,58.71
9384,56.04
7619,33.7
5710,31.81
5167,76.14
9797,67.76
5962,53.13
6092,41.14
4812,86.84
1896,62.55
4473,84.25
3444,67.11
7030,68.74
6219,90.94
3806,61.43
4414,43.68
5907,85.71
1672,78.87
9097,73.77
9773,35.83
6271,46.56
3635,74.47
427,28.87
7004,65.22
2536,65.85
546,26.73
8682,65.03
4358,63.57
4350,59.23
2533,65.68
3960,51.29
4762,36.77
6767,89.46
171,70.64
5272,77.89
1539,56.12
1482,38.45
1906,5.53
7925,49.37
8169,73.25
8153,87.7
1900,27.29
693,57.13
4679,77.76
9228,60.18
7597,65.04
7258,72.54
6211,77.62
9597,50.23
2096,78.9
7017,42.57
8189,99.85
4877,59.36
7971,69.63
5514,49.13
6998,85.63
541,70.15
4068,68.56
8097,69.67
9795,32.16
9352,57.91
2678,69.6
6398,82.13
8399,80.42
9734,59.18
2728,58.82
882,63.8
7339,52.51
7171,67.83
9153,84.4
1970,38.97
3288,83.33
9823,37.9
1516,65.8
1171,71.52
1446,82.62
6887,84.0
2838,77.95
1329,22.66
3757,40.73
9729,78.96
9708,85.14
75,60.08
826,83.01
9732,65.13
9298,60.83
8599,63.29
7507,75.73
2750,70.71
5562,43.89
3783,52.87
8452,88.74
2387,64.32
7956,64.55
1622,58.83
7509,90.33
8254,68.71
9500,56.66
945,61.87
7514,49.29
5852,46.99
4938,74.96
7974,17.13
7315,50.64
9333,24.25
9258,40.32
2872,85.44
1115,77.64
8783,67.61
7821,14.71
225,49.44
8775,75.57
1856,53.85
8195,29.77
5375,48.83
845,54.7
572,79.99
7530,55.72
8726,87.52
6710,51.0
3179,65.84
3232,55.68
3672,72.67
6577,67.68
154,78.43
476,54.46
6397,75.25
3710,74.41
4087,79.48
6225,44.16
3087,75.09
3951,65.79
5786,67.68
4374,90.2
7950,95.22
9837,40.04
1087,7.81
6950,33.52
4478,67.41
1099,41.79
5504,48.79
8389,89.42
6626,62.34
3237,29.83
8052,69.73
8693,68.11
918,62.58
207,61.43
9109,73.46
5308,85.08
9230,51.49
8321,55.87
3936,79.77
3739,50.82
7811,68.21
4393,32.7
8091,90.98
4623,51.65
5687,73.96
4538,49.92
9163,67.3
7923,57.63
5234,66.84
7398,55.81
9712,75.26
9512,67.18
7348,67.98
8652,74.17
8911,28.26
6470,41.25
7889,76.48
6227,88.34
6653,69.14
3416,69.05
1836,97.44
2453,55.83
3029,64.75
167,77.96
6104,46.18
9449,51.21
47,22.53
6297,48.18
7911,98.31
4493,48.37
1507,74.94
9265,67.83
2612,36.02
7381,53.64
8989,77.61
5365,67.71
2221,78.42
5690,53.48
986,91.87
423,58.93
5994,89.86
1434,53.55
6628,16.61
5902,69.24
9123,70.24
6215,57.55
2286,45.64
8961,49.99
2114,52.87
5200,85.55
1782,70.46
4898,96.05
2050,85.83
6977,64.29
1350,68.99
7480,75.95
9293,65.63
3084,80.3
3921,67.6
8132,43.12
1737,53.89
9149,27.23
7365,73.75
3887,71.19
5612,39.7
8264,72.17
4130,70.64
6341,48.23
6874,38.21
1468,88.04
8003,67.76
564,65.61
8144,51.08
9581,56.79
3778,76.63
4170,49.63
855,12.12
309,66.65
1780,27.15
4378,71.19
7980,28.27
5363,85.51
3306,83.58
547,54.43
7669,87.21
2477,55.29
8649,74.41
2581,99.23
5254,40.26
5776,37.32
3976,86.92
720,54.26
4387,93.81
2931,22.26
540,64.1
465,84.1
2232,86.76
5132,57.26
8131,71.76
8367,82.69
1047,85.33
6906,80.36
7119,59.34
2315,52.47
60,64.23
5695,93.7
4849,67.75
5285,53.93
3536,80.35
6622,69.67
327,57.03
3564,82.44
6148,47.96
6539,44.23
3215,70.27
615,44.65
535,59.49
4624,78.71
4828,24.95
7594,28.99
7330,76.83
8133,51.17
581,84.49
5792,79.53
4291,86.98
1263,30.97
172,64.86
8037,69.45
2822,38.08
4476,53.49
3457,77.14
2870,50.52
6665,45.3
924,24.33
5109,67.2
5379,62.3
3453,90.18
5269,40.53
5658,71.58
6693,76.43
3495,94.1
5737,82.7
7869,49.59
8632,24.02
2690,82.78
1430,73.23
1760,86.22
5445,59.37
7867,36.79
6658,71.31
6899,80.6
7510,38.58
604,60.62
1239,85.78
9024,46.14
415,46.41
49,84.86
3021,55.13
2810,77.65
5078,63.78
1164,70.63
1779,29.84
738,47.92
6850,47.21
4682,66.19
595,46.76
1811,80.43
812,62.0
9641,88.88
3118,6.82
5859,67.9
5263,63.73
6026,46.44
8082,74.57
8739,36.07
4316,75.47
8613,35.52
5161,86.14
6606,54.97
9672,69.74
5011,71.31
6886,75.43
2013,62.93
8034,50.03
774,80.25
3383,38.39
4401,50.68
3552,94.82
439,79.52
713,51.78
4550,76.98
223,75.97
3549,57.65
9049,16.84
9338,45.33
8371,58.01
1082,82.92
2727,38.49
5784,42.78
6389,59.97
734,60.44
5770,57.07
9679,83.76
9439,83.74
3256,65.84
9527,74.55
3844,63.25
3190,57.29
8662,64.41
3378,41.18
9775,70.65
7422,68.45
6865,59.11
2113,81.57
3255,68.08
5706,78.89
1643,39.45
5315,61.51
5700,70.16
357,45.54
4475,60.83
530,49.55
4731,59.53
9689,57.17
8406,62.38
1093,36.47
3560,81.48
5861,73.64
3185,74.32
7106,50.54
2880,31.63
6540,51.99
8763,11.77
3325,53.24
5081,58.77
8716,63.87
7820,70.84
7855,73.86
6904,11.64
8746,75.07
2337,83.76
4081,67.57
5498,44.16
9731,47.44
8497,72.18
9448,70.34
9098,57.44
3503,51.63
5207,85.44
8123,75.75
5467,27.0
5384,80.89
5850,38.63
7693,78.94
4233,66.83
5069,53.73
2845,52.87
3131,47.71
5744,56.37
7397,62.42
7466,87.99
4711,93.15
9563,72.08
4139,71.61
1858,65.45
6660,64.32
300,33.1
4681,79.0
8893,67.17
6364,50.91
405,77.62
5391,35.88
2424,52.37
3620,69.95
8486,99.4
6996,65.12
9080,55.0
3893,54.15
1366,81.2
414,62.18
6869,93.25
8409,37.27
3586,77.87
2330,71.92
3582,69.57
6867,32.46
7130,90.19
4973,58.69
2697,43.11
8437,58.21
8522,77.85
5136,65.71
6615,78.82
6310,57.56
3958,65.24
7319,95.06
3557,76.82
8331,45.0
4827,49.68
9196,87.25
508,55.88
8234,41.77
8515,82.13
2448,42.97
1781,44.1
4906,32.67
5664,65.52
3616,32.29
9497,55.96
6703,61.88
7478,56.22
9223,42.05
4639,37.33
7861,42.2
9184,74.95
4319,89.33
6143,70.52
3685,65.07
1609,78.03
1402,85.99
2818,60.26
1872,37.01
7958,50.76
6232,31.57
180,86.48
4012,92.55
7070,41.79
2173,35.34
2778,80.99
2664,64.4
3884,44.81
87,44.72
5418,43.73
6178,30.53
8889,70.88
9295,78.87
539,35.07
3446,79.24
4385,73.84
6614,38.12
7921,15.73
8128,41.93
5071,76.34
4062,79.05
6500,64.85
7927,64.48
6652,78.29
3279,44.8
9663,77.69
8210,62.27
41,54.33
9132,83.61
8173,47.79
9128,91.46
9482,66.49
5205,64.84
2674,50.74
9350,59.97
2846,40.22
2930,72.92
8436,72.36
1874,60.24
7951,46.37
6876,36.9
4972,74.71
2383,51.0
1391,73.93
9493,45.94
4149,18.69
9011,80.35
7912,40.16
387,92.85
7427,52.14
4403,45.43
5432,67.11
1863,67.77
1327,57.31
8485,71.35
7292,80.1
5351,80.6
8873,34.54
497,54.03
4436,83.93
1801,40.8
4240,17.79
1955,77.78
9262,15.06
8085,68.49
6100,66.68
2595,72.48
747,38.63
764,35.79
9066,63.56
4155,54.43
6149,49.27
9602,80.84
5599,66.16
1619,45.27
7860,84.54
5876,80.44
5957,95.87
765,92.73
6578,59.18
5021,52.74
4952,87.33
6716,87.91
9646,61.77
1270,39.9
9026,61.1
9233,87.4
5210,54.0
565,89.31
5589,68.75
3699,39.15
4847,38.44
2703,58.84
9332,41.53
1274,48.29
8494,10.7
151,68.78
1032,71.76
2508,66.42
1442,92.9
8154,71.87
346,68.23
3468,75.57
9771,55.73
2630,79.81
1670,71.27
8572,89.65
7294,68.0
3307,54.84
706,42.95
8882,59.15
9478,39.2
9843,21.33
4992,42.43
3434,58.73
9072,44.54
3058,61.42
3670,64.12
1400,33.57
5113,78.19
6983,61.96
3159,68.51
4686,46.68
5745,87.37
2240,57.7
7436,51.68
5598,44.88
4183,59.48
7098,86.28
6795,65.7
521,81.63
1473,54.32
5652,54.73
7385,66.49
8222,73.22
7517,80.12
4595,35.56
9390,66.55
1201,40.54
9420,57.87
6231,84.12
8815,51.65
584,67.16
153,20.76
1509,35.31
3624,57.36
3466,71.34
2224,60.23
6831,93.89
8400,66.92
1142,48.69
8356,59.5
10,43.13
3510,38.1
3518,67.46
7041,47.96
1658,66.51
5087,70.96
8659,40.51
5303,57.16
2964,64.98
3006,81.96
7002,76.47
1181,74.66
6392,83.72
6981,56.47
5465,68.75
2671,52.16
5941,76.77
3269,58.33
2099,67.54
3793,29.11
4665,62.21
8729,78.24
7805,39.88
9079,69.92
6580,75.22
3573,61.76
6954,59.06
3213,70.01
3857,53.5
3366,32.5
4070,43.65
2276,56.77
1408,86.54
1465,35.6
8723,48.26
8374,59.0
8378,70.74
1667,78.24
6946,85.88
3387,75.72
9564,78.2
2910,80.39
9243,69.21
1647,72.67
6797,95.38
4672,86.75
7197,86.75
7810,71.91
688,78.05
3355,32.86
9454,46.97
7746,69.06
7504,42.49
9585,60.26
5934,61.79
8150,46.02
9765,62.83
5741,76.53
1677,76.76
1149,79.46
4005,44.7
4018,74.68
7571,90.28
8427,83.0
1493,46.71
8190,61.54
6210,30.76
6971,81.75
6739,84.46
1323,71.08
8014,74.47
8422,71.84
8016,91.55
8575,79.79
8045,62.63
2946,65.53
7801,51.51
3193,27.85
2087,57.52
917,32.94
7730,32.45
8607,60.21
4608,57.98
4655,52.21
6871,52.01
3541,53.9
3539,70.78
7629,81.01
3889,61.66
707,53.12
9784,71.27
583,69.13
5304,65.45
5575,76.18
4518,73.84
2633,77.46
4004,47.52
7957,42.56
4971,75.91
118,85.08
8792,76.06
8804,87.85
8349,78.23
5662,33.91
7578,52.34
9460,63.0
5279,63.98
4323,91.38
9096,58.02
2254,39.67
7674,75.0
2321,92.2
7038,96.42
5800,57.07
1636,69.87
3956,58.6
8619,67.13
5685,86.29
4091,73.84
3686,78.16
6245,52.67
1607,67.82
5286,56.84
5407,65.52
5470,56.54
1569,75.5
8781,95.04
3093,73.9
6230,72.8
8172,85.81
1808,74.88
4921,49.36
6488,72.81
7551,56.07
2480,76.82
499,48.24
3684,71.61
4213,62.91
8709,42.13
1411,99.76
816,31.79
5412,32.39
9673,69.63
3445,49.99
9760,88.69
6655,79.19
4605,57.25
4242,73.77
9068,36.87
9545,67.33
8352,44.03
629,41.39
5632,66.53
1762,52.09
7118,77.75
1196,62.55
7445,63.73
4566,27.25
1267,37.87
5826,66.3
5885,45.13
8402,64.51
4858,54.93
204,67.02
6918,96.99
3120,74.64
3814,75.9
3089,53.13
6101,77.3
9509,79.6
5548,94.6
6775,47.97
2650,59.69
2747,75.0
3550,81.3
3116,77.95
6448,79.75
1754,44.71
5311,60.34
8084,60.07
9308,62.19
4570,79.22
5547,76.6
6311,79.28
9348,49.32
5999,82.24
979,65.01
3528,78.26
549,46.89
7263,91.11
9660,72.49
8760,69.73
9245,52.94
8358,72.02
1425,69.22
8191,87.37
3319,47.24
5264,62.83
576,74.07
6903,45.38
1452,28.01
7195,52.25
1320,33.95
4541,73.62
8941,92.81
9077,69.89
4723,67.89
4443,85.13
341,51.26
5939,41.65
6168,61.85
4873,45.61
9624,74.1
4743,77.99
1871,56.93
9567,84.56
8419,67.19
303,64.22
5022,80.01
8573,70.87
4771,76.83
6173,74.3
6404,93.01
7071,49.43
4680,59.06
9556,68.3
3240,70.71
8355,52.82
3045,39.77
4392,53.67
8913,73.18
2869,62.28
241,59.58
9218,84.62
5958,49.14
1479,58.13
8898,55.91
8851,74.64
8759,68.14
786,62.74
1597,79.24
170,78.87
6632,71.23
3266,76.18
677,93.2
896,76.43
1127,74.84
3449,62.28
2775,86.32
1376,69.76
5242,49.32
8101,58.89
4126,53.33
6030,44.01
4573,62.2
7200,62.08
1617,64.66
9580,61.5
1895,69.67
9119,66.64
2129,59.29
9805,40.06
2792,54.37
635,35.19
4716,59.3
9739,42.3
7443,82.49
5754,83.35
6198,46.95
7701,71.82
6282,27.76
8460,56.32
7905,78.06
8822,58.9
8161,69.13
670,59.42
3978,62.64
7230,92.44
488,84.61
6379,54.01
3214,67.3
2794,53.48
681,59.91
2312,83.68
4031,62.09
9038,76.23
6394,64.29
4259,57.04
5357,76.54
8601,41.17
3415,84.36
6016,76.19
6046,60.63
3992,55.81
673,73.94
1645,97.65
8752,45.68
4831,57.44
4632,66.24
7858,50.66
2769,53.69
1585,70.02
9476,62.08
9041,65.03
1349,12.12
7221,24.23
866,49.14
9380,54.68
2799,66.02
9757,44.66
4218,56.1
2417,41.8
6927,47.25
915,59.4
1767,39.95
4294,48.62
6561,92.33
9872,68.42
5703,61.74
6191,15.47
14,70.67
7902,53.38
6517,76.34
7410,77.36
5893,67.25
7990,87.99
3787,98.42
7206,56.65
2585,63.27
5602,89.27
2557,46.02
835,85.53
6570,81.32
9028,77.34
7987,37.14
4263,53.78
1193,63.56
2937,70.86
3180,53.65
1220,74.29
3753,33.02
7522,81.55
1194,45.63
2627,78.13
9048,56.96
7508,99.38
9090,68.41
4174,76.29
1698,56.67
8579,78.81
2476,70.95
7837,78.99
7505,68.81
2082,72.34
6851,56.99
7247,83.51
6286,68.72
4466,60.65
485,90.11
8917,29.28
3330,88.98
4616,51.75
4667,68.18
2647,86.19
2454,69.31
2281,71.43
1943,56.46
2816,33.28
3782,61.67
947,64.25
7215,63.92
6949,59.87
6452,63.79
6079,98.28
1489,73.39
7226,47.22
1860,69.38
7841,77.82
1096,83.46
2124,71.69
8243,54.19
2655,37.21
9054,77.57
8955,84.31
1480,56.7
2824,32.8
510,42.24
4035,64.24
1861,64.47
446,66.05
1359,80.36
5203,77.66
533,82.15
6787,49.69
3252,81.52
8731,27.42
6522,70.52
8868,97.63
6264,53.86
2668,64.65
9716,23.32
9562,75.88
3313,54.27
6317,57.87
8787,74.74
9010,83.23
9675,75.74
2731,76.51
4710,68.77
3855,70.22
1730,79.92
3602,77.97
5535,77.83
5098,67.05
5568,86.78
9347,65.42
2335,51.21
8779,88.97
9772,28.52
4003,77.24
9019,76.77
7898,54.06
9477,12.02
1688,65.91
5443,60.81
8018,68.07
5804,57.18
8702,78.31
160,70.32
3940,64.12
4766,79.37
5362,52.64
8375,68.28
8637,76.5
6591,58.23
2679,58.5
1551,68.35
6421,65.19
9365,55.47
4902,53.37
512,44.21
5808,60.25
6125,27.35
5301,75.58
5461,77.07
3097,47.58
2225,73.97
2153,38.67
7686,41.41
4459,76.25
2601,83.21
2081,87.5
7453,58.53
6455,38.46
6429,74.22
4210,36.0
614,40.36
5856,40.75
4187,78.4
5740,78.76
3837,88.89
4127,74.18
6666,38.25
9156,76.68
3970,78.8
6060,76.09
7404,51.14
9717,64.73
2187,49.15
2001,60.02
2553,87.96
8772,65.53
7062,69.76
4690,49.61
1661,64.63
6497,62.56
9782,63.61
142,76.8
7187,67.28
7293,27.7
9798,60.5
258,86.34
1496,68.51
1602,42.08
6376,66.75
2741,49.32
6471,88.72
649,50.24
2323,30.21
5067,52.44
3751,67.34
970,48.81
6158,17.91
8322,51.59
7168,76.2
5401,92.89
8280,54.07
6170,76.75
2915,60.96
7186,78.39
3007,52.52
7225,71.37
7192,53.95
8724,56.48
6380,39.12
2500,82.73
5878,75.64
1363,64.59
5564,43.71
8931,75.13
3056,78.67
6041,81.89
9441,84.81
7843,42.08
4366,48.09
1640,74.53
2269,37.56
1696,46.67
9257,85.61
2449,65.37
1911,88.51
8165,38.91
5915,63.62
406,35.87
1805,72.61
1813,65.73
7358,72.73
2933,97.96
4929,60.69
7691,55.19
6190,39.52
3209,55.92
4408,77.43
8801,77.99
7282,27.18
3479,88.92
5640,49.51
463,80.38
1223,87.6
4223,77.26
404,75.9
7672,55.79
7343,70.68
5187,44.23
4787,72.01
3997,72.92
5337,75.32
4199,57.71
4377,72.66
1631,30.95
4788,52.36
683,16.81
9040,48.33
2833,29.15
1443,22.93
1118,42.87
8953,33.48
3459,65.49
2580,48.62
5088,75.64
9031,80.75
6914,67.93
6791,48.42
6081,78.6
3926,58.22
3340,15.77
6176,59.57
199,45.49
8024,80.89
5348,67.33
2121,89.13
4419,52.9
5909,82.34
2350,65.78
4135,9.36
6768,71.2
4164,73.23
2410,69.44
6278,40.65
8591,43.56
7627,83.91
4775,79.26
8914,54.33
5010,41.04
4142,27.44
6298,39.25
2528,72.38
7377,85.1
3673,92.0
365,72.21
4829,73.48
5162,77.4
6437,99.59
2071,69.28
9221,41.94
5050,49.89
6769,74.24
4383,26.15
3226,77.35
3031,57.21
3064,60.57
5965,29.38
2549,64.12
6263,56.26
1388,45.02
6841,62.87
6521,90.77
1581,30.15
6929,48.13
6124,53.96
2062,90.39
886,75.99
2609,65.76
38,67.12
2952,21.76
3917,41.14
2556,60.09
7139,77.54
9794,50.69
3278,43.87
4910,87.04
2686,77.53
334,99.89
6162,76.06
1057,77.98
4889,68.7
24,73.41
9124,50.72
5828,59.12
6346,85.96
1097,95.26
3752,81.73
5693,78.32
5389,71.38
9018,59.92
1471,55.46
1257,41.85
3879,87.04
452,71.24
8252,19.67
6152,68.87
6226,67.43
6064,43.81
828,42.72
9548,85.58
2936,50.8
8610,99.42
9569,35.07
722,43.82
9758,44.92
7559,69.16
7717,54.32
9615,53.95
7336,69.23
2888,65.09
1595,57.52
6972,55.47
8170,71.77
5964,93.28
4860,72.59
9187,94.17
9152,64.4
6621,66.71
5688,86.71
3971,50.83
3096,53.78
3748,58.58
4430,74.75
5517,32.54
7577,42.41
4750,83.87
7876,85.75
4379,40.32
4077,85.38
350,63.66
5545,70.82
3322,82.55
2259,81.61
7799,91.98
2026,51.19
9774,56.61
3352,74.7
8470,29.83
9822,95.7
1445,45.21
5077,63.86
8329,35.69
5249,73.85
7738,47.73
7965,66.06
4770,69.57
4564,66.85
5413,72.48
8168,32.72
429,89.69
8227,52.62
3950,72.87
5651,54.44
5225,80.48
7723,65.63
1210,72.98
916,75.07
4262,67.26
7155,64.81
240,71.13
6550,62.5
6620,51.25
2613,51.19
2494,65.12
1000,74.69
5274,36.26
56,95.87
3020,67.4
8328,72.95
208,86.42
2111,95.36
4663,72.44
5403,71.12
1440,72.05
425,60.72
697,75.02
6700,94.9
1265,74.17
1623,70.37
4833,81.53
7675,97.35
1593,44.5
7205,53.81
2301,71.11
4588,54.21
5057,78.93
5956,78.71
8126,60.99
2200,84.69
7131,63.68
8776,54.3
978,49.61
2770,37.74
4325,41.47
819,79.71
8624,54.53
5922,39.81
7643,40.56
9695,50.34
9046,92.3
1467,75.79
9102,59.27
621,30.49
9139,52.57
5463,70.46
7818,67.53
4006,11.26
3048,72.04
1778,52.72
6492,66.37
4066,67.65
336,48.77
2642,22.96
8179,71.53
1083,55.97
7496,29.4
2607,48.34
6961,58.99
3569,58.01
4024,49.84
8425,38.46
390,81.65
737,78.06
113,70.61
1068,48.38
3923,49.06
937,48.38
2299,63.99
5969,75.36
9479,72.12
7791,76.6
5111,82.38
6979,57.57
7387,61.77
257,41.58
2238,75.63
1339,54.85
1152,57.56
9296,37.85
6360,37.45
992,63.26
7991,47.13
1846,40.47
2558,60.38
5105,74.97
1972,61.6
4610,69.08
4622,86.59
3664,55.43
7660,49.04
3403,75.63
6524,52.52
132,61.15
2462,80.29
4131,57.41
441,76.65
4160,79.58
2029,83.6
1668,76.94
5865,85.34
5378,63.71
7680,83.5
2175,89.07
4734,85.59
5381,65.67
5320,54.47
1994,77.34
1849,69.95
7585,94.27
5314,58.33
1598,89.57
2725,60.14
9697,82.64
9693,42.11
6205,54.68
4863,78.61
2572,67.51
9151,81.41
1294,79.43
135,48.4
9438,80.9
8440,64.42
5204,57.86
1659,76.29
1744,36.13
1278,81.24
7253,36.73
8530,66.45
7055,67.8
3430,53.93
3546,87.39
2239,58.28
4057,79.17
7048,63.39
129,52.76
2700,71.76
9178,46.22
6351,40.4
27,51.72
5305,37.76
6308,66.35
491,29.8
7947,52.5
4548,45.14
1234,48.48
9374,72.9
5815,67.66
9647,44.08
9652,78.65
4043,76.14
8705,69.59
2125,65.37
459,86.77
3558,55.56
2391,50.11
4776,36.05
2009,67.63
9417,41.04
2466,65.66
8586,53.96
5843,74.81
5144,59.63
6050,77.46
4457,55.07
1804,64.39
5960,53.9
9849,65.35
202,58.15
5030,38.42
7621,76.0
339,54.87
4201,51.79
3651,58.93
964,45.23
124,61.2
6644,52.13
3025,53.9
2386,85.01
1965,47.92
2972,85.72
2960,51.81
6611,66.5
6647,70.35
7257,68.5
4542,54.28
8905,63.72
7877,27.79
7918,81.31
2996,71.78
647,90.45
969,67.41
8899,71.6
3323,58.48
4308,72.05
1757,85.88
9363,64.52
1588,76.5
935,53.63
1450,72.54
6563,67.04
523,66.51
1353,44.09
8078,73.64
3138,55.56
1188,71.55
8021,53.49
4313,86.7
5511,58.47
7712,75.53
6745,79.63
9239,52.35
3440,80.36
9247,63.84
877,76.34
3294,74.25
6393,45.42
2022,30.81
8361,56.74
66,86.99
3694,79.29
4357,86.79
1481,31.29
9344,79.95
3892,51.15
9605,85.73
4832,49.08
5942,49.02
4368,29.75
5586,68.43
3429,85.17
6879,67.14
4585,56.0
7845,80.09
6299,79.84
8960,47.87
1944,68.32
4756,62.95
9407,57.79
5542,47.93
8041,48.59
6897,76.22
8535,69.49
3931,87.02
4384,57.8
3542,82.53
5872,63.13
8504,43.07
5453,64.79
782,70.82
8109,67.39
2163,74.05
4120,64.23
6074,63.86
5719,46.63
226,31.8
760,67.77
3648,61.06
7259,57.14
514,97.01
8833,41.22
7438,69.63
7685,99.21
1605,73.98
4279,65.91
9061,64.32
6770,45.34
7013,71.76
2891,53.2
3930,43.57
2152,73.34
908,62.86
4896,36.71
4864,73.68
193,78.31
4759,87.27
742,60.44
8188,58.48
7538,81.55
5550,80.33
612,73.73
7346,67.13
8462,98.82
1870,37.89
2211,34.02
7807,61.41
3638,86.02
401,79.98
3540,25.9
5038,47.73
849,83.54
6196,24.74
3200,75.46
1728,67.85
374,68.08
8754,38.82
2935,74.17
4633,59.87
6019,43.77
4773,69.43
1007,70.03
9666,88.28
8812,79.43
409,20.38
578,62.76
692,95.0
1611,51.22
2734,37.17
6274,72.34
8293,46.43
4927,75.36
7721,63.08
8028,77.93
655,69.97
4540,57.18
7084,64.86
5925,48.25
7261,57.65
8317,66.22
3839,49.34
8641,33.44
7833,53.23
5324,46.17
1157,56.63
7481,78.75
6382,64.49
8196,60.8
3133,58.21
590,48.59
2906,25.54
1575,74.12
4574,40.9
3129,81.99
9197,72.09
6250,24.39
6752,70.49
2396,63.54
8835,59.42
3124,59.4
5040,62.78
743,81.76
1948,82.03
182,33.46
3547,62.21
4338,60.09
2716,60.98
5490,43.35
1053,66.79
8648,84.72
653,49.1
148,92.89
708,49.37
369,71.62
23,88.67
1285,42.22
1957,52.28
8025,31.74
2260,73.67
5628,67.01
1199,41.97
4508,81.29
2283,68.07
1192,56.09
8977,44.15
7932,34.77
5605,75.3
7762,60.0
4808,77.89
2693,62.99
4251,54.96
8564,47.59
2798,94.96
9039,83.52
2511,61.9
8424,69.35
1908,55.95
7830,68.66
8068,40.41
1706,36.17
1464,48.2
3800,35.27
3033,49.25
2771,64.89
6418,85.23
9680,92.93
30,60.12
2306,50.38
7302,80.72
1226,59.58
2329,24.2
3413,70.15
8993,67.07
173,40.19
9465,62.52
3241,77.41
4955,72.77
6068,75.45
3742,25.79
5920,83.49
9074,59.51
8066,88.9
807,64.69
1469,83.25
3902,71.89
7227,91.12
493,60.89
6747,56.53
1001,79.44
2317,77.41
8634,79.25
8870,74.58
972,64.5
5404,74.85
2380,79.25
7804,76.37
6585,56.09
5791,70.87
4707,77.48
6861,66.03
9725,93.08
7913,67.71
4110,71.19
6738,40.37
1663,82.22
7334,67.7
3345,59.66
198,60.77
1058,43.73
640,69.38
7309,52.8
319,80.16
7431,44.69
2662,55.81
9225,45.15
8854,48.85
1920,55.63
1952,67.22
371,48.04
585,88.43
2830,85.34
7729,20.57
9586,48.55
9713,61.67
76,55.72
6334,31.2
6862,42.1
5093,42.28
2368,61.08
7644,46.07
6145,47.25
4735,63.67
375,55.75
80,62.7
7650,51.9
8031,39.45
2170,63.9
9724,43.45
2786,60.88
7389,45.39
2898,89.02
7574,78.31
6786,77.8
5480,58.62
189,37.13
5611,67.58
2892,56.73
9796,55.66
8677,64.75
3170,54.51
2059,90.85
4449,85.31
7177,69.63
948,60.15
5724,8.1
8194,77.8
9665,76.99
6234,85.03
9234,38.11
8007,77.38
3106,73.47
5566,71.35
7545,62.49
2110,52.36
1517,70.27
7430,54.44
3702,64.38
5979,95.67
9424,59.11
873,80.13
1205,66.76
7015,75.8
809,64.17
5115,96.23
1816,71.05
7201,45.49
9226,84.45
4795,89.48
3965,85.44
5579,33.48
3070,82.94
7238,52.35
8796,46.12
6719,61.41
9110,58.44
3150,80.17
5713,61.13
2826,62.15
3852,54.84
2614,42.66
9433,63.39
6963,68.42
3617,53.07
5456,85.83
8332,64.49
7605,90.74
6581,45.08
2496,72.22
7329,76.25
6533,26.24
7375,94.92
4037,68.73
4916,39.68
1076,52.41
9141,58.07
1069,53.23
9235,44.7
1136,89.02
999,51.84
2715,66.5
8651,75.83
7190,48.51
6676,69.52
9458,85.0
8216,43.42
261,50.59
3910,60.72
3297,76.37
6649,77.83
1695,54.57
8200,58.37
6507,63.88
1713,73.19
3061,76.24
400,63.3
3250,68.33
5277,43.29
5627,54.12
4134,24.65
6388,65.13
864,51.98
1824,64.02
6489,67.36
8674,44.84
5530,68.9
2433,30.36
8182,48.35
4303,90.33
3328,47.21
3362,82.03
5165,79.97
890,64.13
5750,31.08
7558,40.08
4055,60.76
4990,61.83
2297,63.88
5079,83.28
4041,72.29
1112,49.93
631,79.23
7009,78.53
8404,79.74
4054,92.28
1838,65.04
5970,45.53
7100,82.77
5383,41.64
7086,84.73
8390,50.04
9391,76.32
6357,66.93
5370,45.37
3781,49.21
6762,73.64
9799,87.74
5538,64.11
7665,52.77
3182,49.02
4619,33.69
6373,46.78
9161,56.14
1934,69.01
3535,69.17
7795,44.4
8166,71.26
3141,51.04
5895,59.74
2631,63.66
295,71.33
9594,57.41
2876,97.02
8831,53.99
8657,57.06
4348,34.3
6076,10.29
7393,63.01
2446,65.06
7595,35.97
2439,62.67
7982,94.08
7035,61.27
8630,76.24
656,20.8
2085,66.02
2509,57.6
6403,51.95
7924,80.03
8708,93.73
9058,85.99
6199,78.21
4001,57.07
5983,59.78
2074,83.72
277,87.84
4254,28.86
9528,66.28
7235,54.44
294,52.68
6848,44.59
6302,55.38
8806,58.27
6735,54.41
3517,52.99
6989,21.19
3324,99.54
3545,74.51
6939,56.67
1369,53.17
4609,59.75
4163,63.72
8886,75.58
1314,72.75
4085,54.76
1726,80.12
2357,34.79
3395,72.72
7741,9.95
7406,80.44
5886,68.16
6051,44.12
8849,74.6
6269,65.5
9330,26.64
1397,49.62
1244,93.05
7620,91.79
833,51.5
149,79.93
3647,60.56
5268,52.42
184,41.26
920,27.19
1487,97.22
2926,30.22
5610,80.31
5968,35.34
3634,60.38
5742,44.92
2035,20.53
5777,82.03
264,82.09
3299,14.24
5419,48.39
2504,82.33
4692,19.1
7566,32.38
3030,70.89
4505,66.41
8401,51.33
6792,30.47
2250,56.17
2395,85.03
1378,85.62
1500,47.78
2291,43.67
8840,44.85
7074,69.43
3454,56.31
7761,49.42
8622,78.33
3437,66.57
3966,81.06
7203,70.34
3254,36.51
7428,57.25
9754,86.46
9490,21.6
51,63.9
6449,58.22
7792,82.11
7633,77.25
7926,41.31
8937,80.75
6870,83.95
1969,83.28
2713,75.28
7848,80.13
5578,63.55
1514,49.43
7631,59.5
9250,85.56
8304,38.26
3333,59.37
168,44.01
2322,41.09
4671,20.4
424,78.08
2602,77.56
3494,41.91
4256,44.92
1354,82.75
3758,59.86
7237,56.07
3537,62.79
7907,50.82
3156,54.74
3326,73.1
4000,44.34
853,77.71
8192,61.27
9427,51.93
7179,49.12
2258,76.49
53,29.73
6923,61.46
9371,86.17
2177,59.52
6290,32.12
6642,87.26
9393,29.43
3995,66.9
4715,61.69
3700,52.61
5091,64.21
9021,71.26
5697,62.78
2841,69.84
7798,47.85
1212,55.45
7764,61.36
8795,79.97
9294,67.34
3848,54.29
3994,76.62
8902,52.56
3591,83.91
8049,42.58
6924,58.26
515,51.8
8263,77.45
2709,77.26
356,68.58
6962,71.59
8118,72.94
5501,81.55
3320,50.17
59,85.68
5439,76.35
281,66.01
9514,64.1
3348,63.7
1629,63.13
2782,62.63
8704,81.31
5148,35.05
3575,60.39
7325,71.02
9264,52.91
1276,37.85
4047,33.12
1530,61.51
6991,79.8
805,74.98
1529,64.91
6854,42.18
8803,27.52
8241,42.01
5666,70.03
2691,73.7
5654,30.52
3054,55.86
1367,53.73
5406,61.41
8616,27.83
2464,46.61
0,64.76
9253,78.73
4568,60.83
6044,66.87
5072,98.0
176,73.91
1022,87.19
8701,85.92
1286,86.14
7063,58.19
2409,82.53
5908,89.26
3008,63.83
5951,54.73
6543,43.84
2384,63.11
1348,86.54
5416,77.76
4275,52.55
6674,65.02
6440,41.46
532,9.56
9288,74.54
380,45.82
9389,83.11
3346,64.2
7133,58.42
2681,36.57
930,45.62
2626,86.82
2526,82.63
9829,45.51
9875,43.26
8611,94.18
1059,86.78
4176,85.65
7090,50.52
73,84.78
5972,61.96
3173,53.52
2604,66.54
7236,61.76
1252,70.18
4394,63.64
8711,44.16
1864,72.4
4603,68.94
8680,55.3
8580,23.06
9179,53.51
9248,83.05
1290,49.68
2995,88.44
4957,35.74
6648,41.02
455,62.0
6427,69.92
815,71.9
7614,23.17
2920,89.99
2638,58.55
9043,70.76
5672,59.79
3130,64.46
9755,61.35
8036,88.61
4700,66.35
2777,87.12
2222,52.99
8544,78.93
7097,55.82
7544,65.56
8159,77.72
5280,57.86
3719,62.51
9194,55.66
7523,61.94
5751,75.99
3873,81.54
1203,53.25
1405,69.03
1699,34.66
7823,53.43
6163,84.77
4718,56.32
9447,83.02
4878,46.72
5927,52.32
163,73.21
2047,36.51
6966,70.49
6342,49.37
3360,57.84
5294,37.11
8600,79.72
4118,74.35
5866,97.57
3412,82.53
5101,53.21
641,57.65
6750,70.62
1343,72.12
4480,69.48
888,61.78
3927,91.57
531,66.24
6031,61.5
8002,54.75
7483,83.19
7249,80.21
7875,52.23
1795,29.88
6784,73.84
9104,58.81
6028,66.35
2109,38.26
5681,64.98
3166,60.71
266,41.82
3763,76.66
811,53.81
360,47.35
1460,57.39
952,79.49
2160,66.02
1799,57.67
7468,64.2
8124,64.4
7000,64.66
3337,77.06
9540,84.89
5427,81.61
7711,46.32
6564,67.54
2100,67.88
8478,77.77
6724,56.97
5175,66.78
9143,66.77
4231,55.09
8850,45.17
2191,92.48
8403,76.29
3164,79.65
8466,83.68
9062,81.92
88,57.02
2324,37.27
8490,65.82
8012,51.34
3776,81.28
315,64.76
7758,74.99
3117,33.16
4618,28.04
2020,56.77
2002,17.3
2974,88.69
1275,37.21
7277,32.23
528,78.85
6188,51.39
4404,81.44
3598,64.92
5230,69.0
3681,66.89
1318,82.85
6743,33.01
7085,67.4
5778,60.65
3034,86.34
6383,75.6
4811,64.01
9206,80.97
1166,52.34
4725,77.36
9632,65.51
9216,82.65
6236,76.35
1222,28.3
6604,70.18
4943,7.55
4255,68.87
6883,82.02
1982,73.66
9212,43.23
4020,53.56
8563,52.88
3482,87.85
7066,58.93
1538,63.01
9715,83.23
2744,70.12
1553,61.96
7341,91.51
2817,90.51
9094,71.66
7960,67.12
8810,72.76
2381,71.94
5186,48.24
4526,61.6
3524,40.66
2629,84.11
7447,69.94
4123,68.39
9351,58.19
2766,97.99
1656,44.03
4818,70.24
7896,84.49
7743,68.84
1843,85.33
6842,58.88
3151,67.42
9642,45.99
3386,57.63
5046,50.1
4025,73.58
9489,74.49
426,56.93
4094,59.35
5574,64.46
1923,25.7
6223,77.5
9863,85.79
7054,57.67
8596,51.57
8683,87.84
6177,65.87
6898,84.07
2542,81.11
8185,33.17
3515,83.57
7031,77.82
9723,37.16
5807,43.87
4969,66.55
7019,65.72
6387,54.67
6156,63.43
9236,76.35
6548,17.64
7241,55.67
7363,69.7
7476,57.55
1841,74.26
5400,65.92
1209,62.8
474,68.83
3311,89.78
8407,72.12
8848,78.66
4596,40.1
3235,75.74
7656,70.83
9278,73.51
7448,49.36
5060,64.36
4407,79.18
131,39.91
5410,62.3
1341,42.6
2184,74.03
9162,65.34
8786,82.95
6728,88.12
7946,58.96
247,53.95
9063,70.8
29,59.67
1119,85.18
5827,55.54
7570,77.05
7407,58.83
7573,72.3
4842,68.08
6171,62.06
5973,86.36
9158,64.71
9727,34.08
4666,69.39
633,83.17
8238,84.37
8152,64.91
4745,79.08
9171,72.22
868,81.75
4923,56.23
7165,48.92
7613,65.62
6119,82.06
4129,80.94
3559,61.64
2503,83.38
3567,67.21
4693,40.39
860,76.83
7785,59.51
4105,86.04
7218,89.54
4885,74.8
2310,70.8
2759,59.02
6975,87.38
848,87.4
1243,67.83
4713,70.13
5325,63.67
6502,71.39
6179,88.15
1180,24.81
3460,56.04
6493,89.73
2371,70.9
2,60.24
7174,74.32
4011,80.48
5572,27.62
6959,69.38
1048,49.96
5034,68.23
4491,74.12
9598,69.8
3863,41.01
4810,51.56
2551,60.4
9824,72.63
2431,72.34
3797,29.79
8184,20.67
310,57.59
1618,90.09
1092,72.6
1940,72.36
6664,61.58
3825,44.46
5875,81.78
1229,62.75
6820,57.97
4855,43.29
1474,72.04
1733,31.88
2628,55.85
2622,65.54
7797,50.79
6459,44.12
4562,86.34
4349,53.73
9432,95.77
2834,91.87
3009,72.89
762,86.45
7444,91.45
5110,64.83
3890,52.02
6810,67.88
9273,32.96
9311,45.07
3314,39.6
3441,45.71
8874,97.08
6832,38.82
4959,69.65
991,46.79
914,77.18
9177,90.1
8377,36.08
3654,53.62
9656,75.42
6864,45.35
7418,65.25
2484,68.13
3148,37.07
740,26.1
31,56.74
971,63.14
5839,81.24
3962,47.22
5560,89.77
1116,67.11
5805,84.52
156,80.75
7607,89.82
2467,97.79
831,67.0
5454,83.34
9027,98.96
2825,41.13
8694,61.95
9538,71.64
6460,59.01
6694,70.58
7368,88.13
2044,66.37
1980,79.25
8441,47.88
2683,59.05
1346,92.94
2077,44.42
6687,65.74
3653,55.9
355,55.73
744,70.77
7193,46.05
9836,36.69
9036,79.34
723,43.93
1976,76.18
2955,72.93
4340,61.38
2214,93.73
5394,74.25
9648,95.56
3870,78.01
5842,78.84
1258,65.41
8277,80.97
746,63.77
5276,28.69
1867,63.41
6186,71.44
265,54.53
9644,78.37
2428,95.22
3139,76.04
7698,55.29
4533,84.97
3062,49.38
9737,55.14
213,63.47
7826,85.46
5223,85.46
3947,74.33
2058,44.84
8086,78.71
6451,75.51
3711,81.73
2904,70.1
4922,50.59
3838,64.0
7382,60.22
8306,31.34
3136,30.25
284,92.84
95,47.39
1880,47.04
7027,70.26
7850,60.53
7859,85.01
2280,36.35
5536,77.66
2521,46.12
3613,57.63
7333,82.82
9481,57.04
2003,80.9
5346,16.04
3932,69.89
4578,99.79
8235,66.27
5917,64.51
4416,36.65
6353,90.18
3217,66.46
9440,52.65
4333,70.36
1003,54.54
6853,87.12
9241,51.09
6601,38.81
5295,68.62
8492,76.18
2507,73.05
1184,46.12
1259,45.48
2522,49.06
7199,65.0
9198,56.83
4559,78.24
4101,54.76
9033,62.65
8518,91.61
2436,53.98
9229,63.14
9508,78.13
4988,69.68
7297,88.17
4790,73.41
4483,46.92
3103,73.56
7194,51.54
603,63.44
4418,72.26
5963,60.11
9057,71.82
4042,60.95
9459,68.94
5561,63.6
6659,59.65
3367,63.53
1280,60.21
7728,33.44
9022,74.39
3149,59.82
3799,45.09
6216,51.42
6401,50.81
6358,65.93
328,58.44
1704,73.53
2493,63.68
7073,87.09
8671,46.14
3629,53.6
9437,84.43
4010,51.49
9621,63.02
8309,30.77
6067,32.24
9071,91.73
8658,81.96
6361,74.33
2199,74.78
8010,60.36
6589,90.76
3083,68.49
6065,43.53
5452,88.34
1901,38.55
8968,56.12
4664,32.74
1786,67.16
9349,58.25
9224,77.86
5188,81.19
5353,79.8
6094,47.03
84,46.04
3487,94.51
2789,73.34
7355,86.02
511,84.76
9793,46.19
6532,79.95
731,42.8
4782,86.02
4861,51.24
4470,76.1
9353,52.24
2757,97.76
2859,35.61
9510,93.45
3122,72.7
3184,76.97
2055,43.7
6814,60.24
4334,63.67
127,64.06
4450,49.5
164,48.83
9614,46.11
7461,35.83
6415,24.85
3199,72.22
5986,65.98
1319,16.62
5587,59.86
7642,35.55
472,54.88
1997,55.63
18,82.97
5158,82.84
2137,70.41
1025,44.02
8289,70.21
5935,41.02
3114,63.79
7744,94.78
6110,57.07
3161,40.58
5940,38.04
9582,56.79
7888,51.52
449,53.33
8742,20.27
9620,65.54
4372,45.07
6362,48.95
3744,67.27
178,39.01
4529,34.19
1340,95.31
3548,58.94
1591,64.93
9591,71.77
7553,66.77
8933,67.48
1769,78.32
3596,59.52
483,33.89
3967,56.62
6994,92.15
9826,84.72
2485,75.56
780,45.6
4644,77.14
6997,82.32
7229,63.05
6059,66.92
77,69.06
6689,76.19
7047,57.83
9480,88.52
7748,73.85
8865,76.94
2203,4.72
8650,49.01
6085,78.98
6006,80.77
752,49.98
8313,42.09
3637,21.54
699,44.42
8142,29.0
9305,38.82
6942,57.4
7184,71.44
1492,29.19
6328,87.92
2086,71.55
3365,41.34
8223,61.53
7207,61.06
2154,61.92
69,39.48
1449,69.09
3175,38.4
3877,93.11
3959,78.94
3221,72.32
1531,44.14
4501,55.15
7678,52.6
7208,84.09
504,82.34
6953,73.78
8531,38.3
3580,74.11
7089,60.51
6329,59.8
798,60.54
4840,51.77
5074,94.21
9746,79.79
3795,62.24
61,39.27
1775,73.73
5698,50.64
9815,60.65
2460,48.75
5507,53.21
9616,93.04
6535,75.8
1567,64.59
4742,47.66
4456,48.63
2848,45.65
2986,48.74
4454,71.47
7213,73.18
1568,57.3
9331,43.49
6212,72.58
7486,84.82
5019,50.89
4373,80.05
381,89.09
6288,48.7
2412,66.52
3912,93.71
5120,71.93
928,63.46
4162,76.61
9343,33.47
6172,48.54
7794,47.89
245,82.13
1439,72.58
9214,85.33
7937,98.94
7846,57.45
8603,56.88
9254,59.99
4212,54.72
8461,54.96
5121,67.64
4343,56.21
3561,79.42
8857,86.58
8924,67.99
114,30.18
2302,51.97
8310,51.53
2180,75.53
8354,80.17
8455,83.86
5409,63.93
775,62.77
4871,71.4
7360,62.22
4676,31.55
8843,88.45
9386,70.59
9362,37.27
7286,60.97
3760,60.66
9828,48.72
6677,88.08
7006,54.25
3874,70.98
9238,62.07
1368,66.64
9089,76.49
9120,46.21
8206,30.68
9159,48.23
8055,71.36
1106,58.31
3425,63.7
4336,43.21
3968,38.12
1254,80.62
2648,39.58
2923,34.03
4780,51.63
1639,90.47
1133,4.4
3519,69.89
6515,60.58
7725,77.12
271,66.34
5349,74.75
1547,52.09
4310,55.89
1018,76.18
4440,76.58
9030,79.18
5711,41.76
4891,33.87
7891,70.28
8604,99.93
4438,57.73
8569,86.36
1491,76.08
8930,62.35
3615,91.01
52,62.53
5405,10.36
5094,91.7
3094,62.69
1389,36.14
7884,89.01
3478,66.04
4191,44.8
5595,73.72
3222,78.69
1632,67.65
5694,32.97
7731,73.3
467,79.04
9651,55.37
9095,60.24
71,71.11
9817,81.42
5052,85.46
1207,67.8
1590,48.45
5159,81.89
5624,52.28
658,65.61
7901,74.61
8255,81.84
6538,51.7
5172,39.41
3036,77.94
8646,78.0
5479,79.09
6478,82.28
402,71.15
5085,64.3
5541,66.09
1472,46.42
8869,87.25
3356,68.59
9443,69.61
1983,44.92
4918,67.22
5059,61.32
3843,57.27
1033,97.92
174,81.3
9131,69.12
3102,83.68
7713,84.27
8526,68.77
9065,60.27
2853,43.72
1486,63.49
6151,12.38
4293,75.84
8488,36.04
7560,6.44
9505,88.13
9667,45.4
5626,30.78
3845,44.18
5841,50.21
8570,92.49
3110,57.79
3918,94.96
4138,80.3
2172,22.76
2599,62.75
8013,45.86
9107,47.47
5967,91.2
5867,60.95
3820,78.86
9148,71.64
1887,52.09
8336,59.48
3717,56.31
1182,57.94
9866,70.26
5004,56.74
4602,82.75
9854,69.86
1722,82.79
2884,66.72
2994,30.93
4763,65.03
9078,56.08
4056,82.54
5380,72.44
8525,90.37
8345,81.34
5516,38.14
6645,45.08
5936,52.68
7880,57.39
721,37.79
373,91.07
8186,60.46
8023,44.2
6734,65.94
312,43.79
8116,44.18
42,44.17
7033,59.1
7045,61.05
7196,97.23
8609,40.65
4753,94.61
2791,58.97
8896,57.61
732,56.49
6594,51.09
944,96.02
5256,54.03
9210,65.36
8187,55.01
5565,74.33
9099,64.05
1693,44.15
519,70.52
814,52.55
818,57.88
4830,36.63
9577,58.92
7058,61.33
5217,75.12
3734,64.34
6272,85.96
6010,69.56
6833,75.99
7790,62.8
2592,46.55
379,74.77
2251,47.26
4439,68.35
2148,77.31
3726,68.64
2566,82.53
6038,55.81
1803,92.74
9855,77.84
7145,80.26
3621,83.3
6108,26.3
1594,53.68
7061,88.86
4890,80.22
7610,61.31
8907,44.37
2559,56.27
4208,29.44
5095,85.71
7528,39.34
1582,65.57
2547,63.66
8511,62.93
7078,52.77
4321,58.77
5138,83.94
6884,88.25
6541,75.33
1763,57.5
6684,41.56
6472,52.91
2843,55.98
4944,64.66
8405,83.2
4433,73.64
8995,73.0
8121,54.18
6356,77.84
5278,83.68
7280,60.11
4132,86.13
105,60.44
4946,38.52
2806,79.62
6509,51.95
6825,68.83
2953,62.94
8757,57.89
7519,55.84
4345,58.27
7802,88.52
3236,48.66
2829,51.11
2502,56.31
317,69.06
1200,55.76
7919,66.92
2278,45.38
7463,77.05
8844,61.35
8262,59.67
7988,48.98
2658,73.62
1174,35.61
1088,72.35
8734,93.47
8020,67.27
8602,43.68
4064,26.88
9777,1.84
7295,80.0
2091,42.01
4635,72.42
601,63.0
5428,67.16
7753,80.59
2219,56.63
5858,73.75
9029,74.63
624,71.43
8998,72.89
4978,63.16
5580,57.18
3115,59.76
8829,81.35
8615,89.74
4823,95.2
7111,74.17
1996,45.24
8090,69.45
4472,53.67
9790,55.79
2486,51.01
8342,81.4
1580,99.61
6045,69.11
5870,56.62
8818,76.52
7125,86.09
3002,83.91
4601,48.86
143,73.07
4813,72.08
6727,92.53
5251,50.94
3452,44.6
3605,81.84
7871,73.61
4420,88.54
2171,80.14
4975,14.93
5171,61.46
4720,54.28
2832,39.16
1527,0.5
7424,60.35
8809,48.31
9516,61.55
6078,41.4
690,72.9
2288,67.89
3302,55.91
5785,58.84
9542,76.06
6602,73.21
5782,53.03
5788,39.84
4561,71.48
1187,76.78
1191,86.97
8337,77.37
6350,57.17
3572,78.18
6976,68.43
1834,80.55
9303,57.8
7399,43.42
5726,57.17
2499,43.91
6035,82.87
4196,49.7
3827,28.92
878,64.5
1455,43.2
8583,81.33
5371,87.51
7955,69.58
8667,75.74
1694,76.66
9487,59.26
2092,56.08
6932,82.69
9329,45.02
5331,71.46
7788,77.41
832,84.71
7337,53.87
591,81.47
5716,64.19
5731,41.81
109,75.57
7498,62.06
1052,64.68
1311,81.06
668,59.67
8445,92.09
7456,66.76
5168,49.08
5588,55.58
843,57.04
4509,72.36
9076,58.24
4547,69.18
5354,63.36
4752,87.34
5677,62.54
5582,66.42
1485,63.8
5423,85.79
2737,80.33
2267,64.81
6165,85.43
2808,79.42
869,49.59
2468,57.38
7493,43.35
8642,64.78
5656,57.57
1979,83.97
696,70.51
1741,90.8
3718,75.9
9003,73.67
7796,72.04
2189,70.21
5006,28.58
5617,52.67
5145,49.44
8147,78.47
505,39.51
9753,80.6
3303,63.92
8597,74.09
7897,56.34
3640,60.75
6461,68.44
183,78.07
7264,84.9
3082,63.83
1876,88.2
5813,77.34
609,64.42
2033,69.94
3981,85.66
6629,75.63
6422,69.83
1968,56.32
6774,74.89
20,58.13
7183,55.97
8519,54.31
3270,46.89
2518,73.4
5984,85.6
7862,85.72
2178,46.14
4979,94.38
3410,37.79
9779,83.37
489,35.96
7740,55.95
8798,60.46
3212,66.67
152,68.55
889,30.76
6423,67.71
269,91.36
96,62.38
7676,36.92
6713,74.36
3885,29.82
9764,70.29
7710,75.73
1067,52.2
7500,63.74
5195,69.81
2760,85.32
6221,54.07
6407,25.92
715,87.92
4059,70.84
9838,65.12
4565,97.33
1798,45.74
461,69.64
5373,42.52
2944,54.53
9537,65.84
4791,65.15
5271,55.57
5848,77.27
5024,63.64
7470,55.39
1214,77.16
1372,63.97
243,71.1
4039,81.69
7961,52.59
7255,84.3
1679,42.26
7586,74.39
9504,65.23
648,84.3
4409,58.25
155,71.61
3428,73.41
9495,51.05
1150,88.23
3047,21.58
1046,66.99
1306,78.22
7906,75.65
2244,53.98
15,65.46
2669,61.54
9552,52.15
1844,54.63
3098,92.07
1612,28.28
8689,54.78
7108,19.87
1337,74.33
1478,52.08
9287,71.16
542,87.75
4074,39.96
431,84.86
6771,48.88
8920,49.69
2561,73.2
9529,57.24
3606,84.93
2877,60.17
4415,68.78
1031,19.04
6121,87.65
6285,67.45
1110,50.01
1888,67.44
9719,82.65
753,41.56
3049,85.16
8151,30.42
562,71.61
6542,71.13
8093,52.33
4764,69.48
3562,37.25
8444,58.49
2516,72.9
2962,50.86
5374,66.72
5396,41.07
9394,78.78
3462,75.09
7751,77.17
4225,69.23
144,85.87
5056,71.19
2895,81.22
7813,81.11
905,72.35
5192,50.41
235,49.97
